<Mcml xmlns ="http://schemas.microsoft.com/2006/mcml" xmlns:comm ="res://Microsoft.MediaCenter.Shell!Globals.mcml" xmlns:shell ="assembly://Microsoft.MediaCenter.Shell/Microsoft.MediaCenter.Shell" xmlns:me ="Me"><Aggregate Source="res://Microsoft.MediaCenter.Shell!ToolbarButtons.mcml"/><Aggregate Source="res://Microsoft.MediaCenter.Shell!BaseToolbar.mcml"/><UI Name="MainToolBar" BaseUI="me:BaseToolBar"><Properties><shell:ToolBarData Name="Model" ToolBarData="$Required" /></Properties><Rules><Binding Source="[Model.EnableMenuButton]" Target="[MenuButton.Available]" /><Binding Source="[Model.EnableBackButton]" Target="[BackButton.Available]" /></Rules><Content><Graphic SizingPolicy="SizeToChildren"><Image><Image Source="res://ehres!TwoFoot.FullScreen.TopBar.Left.png" Flippable="true" /></Image><Children><Panel Padding="8,8,2,2"><Layout><FlowLayout Orientation="Horizontal" ItemAlignment="Center"/></Layout><Children><me:CommandButton Name="BackButton" CommandCode="Back" ImageSet="global://comm:TwoFoot.ToolBars.GoBack" AccessibilityName="res://ehres!Acc_Name_MainToolbar_BackButton" Model="[Model]" IsNavigatingCommand="true" HitTestPadding="4,0,4,25" /><me:CommandButton Name="MenuButton" CommandCode="Home" ImageSet="global://comm:TwoFoot.ToolBars.Menu" AccessibilityName="res://ehres!Acc_Name_MainToolbar_MenuButton" Model="[Model]" IsNavigatingCommand="true" HitTestPadding="4,0,14,25"/></Children></Panel></Children></Graphic></Content></UI><UI Name="AlternateMainToolBar" BaseUI="me:BaseToolBar"><Rules><Binding Source="[Model.EnableBackButton]" Target="[BackButton.Available]" /></Rules><Content><Graphic SizingPolicy="SizeToChildren" ><Image><Image Source="res://ehres!TwoFoot.FullScreen.TopBar.Left.png" Flippable="true" /></Image><Children><Panel Padding="14,8,2,2"><Layout><FlowLayout Orientation="Horizontal" ItemAlignment="Center"/></Layout><Children><me:CommandButton Name="BackButton" CommandCode="Back" ImageSet="global://comm:TwoFoot.ToolBars.GoBack" AccessibilityName="res://ehres!Acc_Name_MainToolbar_BackButton" Model="[Model]" IsNavigatingCommand="true" HitTestPadding="5,5,5,5"/></Children></Panel></Children></Graphic></Content></UI></Mcml>