<Mcml xmlns ="http://schemas.microsoft.com/2006/mcml" xmlns:cor ="assembly://MSCorLib/System" xmlns:draw="assembly://Microsoft.MediaCenter.UI/Microsoft.MediaCenter.UI.Drawing" xmlns:shl ="assembly://Microsoft.MediaCenter.Shell/Microsoft.MediaCenter.Shell" xmlns:comm="res://Microsoft.MediaCenter.Shell!Globals.mcml" xmlns:ctl="res://Microsoft.MediaCenter.Shell!Controls.mcml" xmlns:anim="res://Microsoft.MediaCenter.Shell!SlideAnimations.mcml" xmlns:nav="res://Microsoft.MediaCenter.Shell!NavPanel.mcml" xmlns:asr="res://Microsoft.MediaCenter.Shell!AutoScrollRegion.mcml" xmlns:me ="Me"><Aggregate Source="res://Microsoft.MediaCenter.Shell!BrowseAnimations.mcml"/><UI Name="Slide_Base"><Properties><shl:SlideDeck Name="SlideDeck" SlideDeck="$Required" /><cor:String Name="Context" String="unknown" /><ICommand Name="CommandPopOverlay" ICommand="$Required"/><ICommand Name="CommandClearOverlays" ICommand="$Required"/><Font Name="FontBody" FontName="global://comm:MainFontFace" FontSize="16"/><Animation Name="AnimationSnapIn" Animation="animation://anim:Slide.Show" /><Animation Name="AnimationSnapOut" Animation="animation://anim:Slide.Hide" /><Animation Name="AnimationSlideIn" Animation="animation://anim:Slide.NavRight.Show" /><Animation Name="AnimationSlideOut" Animation="animation://anim:Slide.NavRight.Hide" /><cor:Single Name="BrowseGalleryTitleFadeSize" Single="global://comm:BrowseGalleryTitleFadeSize"/><cor:Single Name="BrowseGalleryTitleFarOffset" Single="global://comm:BrowseGalleryTitleFarOffset"/></Properties><Rules><Binding Target="[Accessible.Value]" Source="[SlideDeck.Chosen!shl:SlideBlueprint.UIName]" /><Rule><Conditions><Modified Source="[AnimationSlideOut]" InitialEvaluate="true"/></Conditions><Actions><Invoke Target="[DynamicSlidePanel.AttachAnimation]" animation="[AnimationSlideOut]" InvokePolicy="Synchronous" ExclusiveApply="false"/></Actions></Rule><Rule><Conditions><Modified Source="[AnimationSlideIn]" InitialEvaluate="true"/></Conditions><Actions><Invoke Target="[DynamicSlidePanel.AttachAnimation]" animation="[AnimationSlideIn]" InvokePolicy="Synchronous" ExclusiveApply="false"/></Actions></Rule><Default Target="[Input.KeyInteractive]" Value="true"/><Default Target="[Input.KeyFocusOnMouseEnter]" Value="false" /><Default Target="[Accessible.Role]" Value="Pane" /><Default Target="[Accessible.Name]" Value="Slide" /></Rules><Content><Panel><Children><Panel Name="StaticSlidePanel" /><Panel Name="DynamicSlidePanel" /><nav:NavPanel Name="NavPanel" SlideDeck="[SlideDeck]" /></Children></Panel></Content></UI><UI Name="SlidePanel"><Properties><shl:SlideDeck Name="SlideDeck" SlideDeck="$Required" /></Properties></UI><UI Name="DeepFocusPanel"><Properties><cor:String Name="FocusAreaName" String="none" /><EditableText Name="FocusArea" Value="none"/><EditableText Name="NavigationDirection" Value="none"/><EditableText Name="TransitionState" Value="Idle"/></Properties><Rules><Rule><Conditions><Equality Source="[Input.DeepKeyFocus]" Value="true"/><Equality Source="[TransitionState.Value]" Value="Idle"/><Equality Source="[FocusAreaName]" ConditionOp="NotEquals" Value="none" /></Conditions><Actions><Set Target="[FocusArea.Value]" Value="[FocusAreaName]"/></Actions></Rule></Rules></UI><UI Name="NavPanel"><Properties><shl:SlideDeck Name="SlideDeck" SlideDeck="$Required" /></Properties><Rules><Rule><Conditions><Modified Source="[SlideDeck.Options]" InitialEvaluate="true" /><Equality Source="[SlideDeck.Options.Count]" ConditionOp="GreaterThan" Value="1" /></Conditions><Actions><Set Target="[NavPanel.Visible]" Value="true" /></Actions></Rule><Default Target="[NavPanel.Visible]" Value="false" /></Rules><Content><nav:NavPanel Name="NavPanel" SlideDeck="[SlideDeck]" /></Content></UI><UI Name="ScrollingTextPanel" BaseUI="me:DeepFocusPanel"><Properties><cor:String Name="FocusAreaName" String="Scroller" /><cor:String Name="Content" String="" /><cor:String Name="AccessibleName" String="res://ehres!Acc_Scrolling_Text_Pane" /><Font Name="Font" FontName="global://comm:RegularFontFace" FontSize="20" /><Color Name="Color" Color="color://comm:OffWhite"/><Size Name="MaximumSize" Size="775,0" /><cor:Single Name="FadeSize" Single="30" /><BooleanChoice Name="KeyFocused" /></Properties><Locals><ScrollingData Name="ScrollingData" /><ScrollingHandler Name="ScrollingHandler" HandleDirectionalKeys="true" GesturePanEnabled="true" /><Environment Name="Environment" /></Locals><Rules><Binding Source="[Input.KeyFocus]" Target="[KeyFocused.Value]" /><Binding Source="[Content]" Target="[Text.Content]" /><Default Target="[ScrollingHandler.ScrollingData]" Value="[ScrollingData]" /><Rule><Conditions><Modified Source="[ScrollingData.CanScrollUp]" InitialEvaluate="true" /><Equality Source="[ScrollingData.CanScrollUp]" Value="true" /></Conditions><Actions><Set Target="[TextScroller.ShowNear]" Value="true" /><Set Target="[TextScroller.ShowFar]" Value="true" /></Actions></Rule><Rule><Conditions><Modified Source="[ScrollingData.CanScrollUp]" /><Equality Source="[ScrollingData.CanScrollUp]" Value="false" /></Conditions><Actions><Set Target="[TextScroller.ShowNear]" Value="true" /><Set Target="[TextScroller.ShowFar]" Value="true" /><Set Target="[TextScroller.NearOffset]" Value="-30" /></Actions></Rule><Rule><Conditions><Equality Source="[Environment.IsRightToLeft]" Value="true" /><Modified Source="[ScrollingData.CanScrollUp]" /><Equality Source="[ScrollingData.CanScrollUp]" Value="false" /></Conditions><Actions><Set Target="[TextScroller.ShowNear]" Value="true" /><Set Target="[TextScroller.ShowFar]" Value="true" /><Set Target="[TextScroller.FarOffset]" Value="30" /><Set Target="[TextScroller.Margins]" Value="0,0,0,30" /></Actions></Rule><Default Target="[Accessible.Role]" Value="Pane" /><Default Target="[Accessible.Name]" Value="[AccessibleName]" /><Binding Source="[Content]" Target="[Accessible.Value]" /><Rule><Conditions><Equality Source="[Environment.IsMouseActive]" Value="true"/></Conditions><Actions><Set Target="[Chevrons.Visible]" Value="true"/></Actions></Rule><Default Target="[TextScroller.ShowNear]" Value="false" /><Default Target="[TextScroller.ShowFar]" Value="true" /><Default Target="[TextScroller.NearOffset]" Value="0" /><Default Target="[TextScroller.FarOffset]" Value="0" /><Default Target="[TextScroller.Margins]" Value="0,0,0,0" /><Default Target="[TextScroller.Padding]" Value="0,0,0,20" /><Binding Target="[TextScroller.AnimationsEnabled]" Source="[ScrollingHandler.IsPanning]"><Transformer><NotTransformer /></Transformer></Binding></Rules><Content><Panel><Children><me:VerticalScrollingChevrons Name="Chevrons" ScrollData="[ScrollingData]" Visible="false" /><Panel Layout="Anchor"><Children><Scroller Name="TextScroller" Orientation="Vertical" FadeSize="[FadeSize]" MaximumSize="[MaximumSize]" ScrollingData="[ScrollingData]"><Children><Text Name="Text" WordWrap="true" Color="[Color]" Font="[Font]" Content="scroller text content"><Animations><Animation Animation="animation://me:Repeater.Scroll.Animation" /></Animations></Text></Children></Scroller></Children></Panel><Panel Name="FillPanel" TouchInteractive="true"><LayoutInput><AnchorLayoutInput Left="Parent, 0" Right="Parent, 1" Top="Parent, 0" Bottom="Parent, 1" ContributesToWidth="false" ContributesToHeight="false"/></LayoutInput></Panel></Children></Panel></Content></UI><UI Name="VerticalScrollingChevrons"><Properties><ScrollingData Name="ScrollData" ScrollingData="$Required"/><Size Name="AutoScrollSize" Size="0,45"/><cor:Boolean Name="Visible" /><Command Name="CallbackCommand" Command="null"/><RepeaterFocusHelper Name="FocusOrderHelper" RepeaterFocusHelper="null"/><IntRangedValue Name="SelectedIndex" Value="-1"/><IntRangedValue Name="MaxIndex" Value="-1"/></Properties><Locals><Command Name="ScrollUpCommand"/><Command Name="ScrollDownCommand"/><Inset Name="VerticalScrollingChevronsPadding" Inset="-75,0,685,0"/></Locals><Rules><Default Target="[ScrollData.FocusHelper]" Value="[FocusOrderHelper]"><Conditions><IsValid Source="[FocusOrderHelper]"/></Conditions></Default><Rule><Conditions><Modified Source="[ScrollUpCommand.Invoked]"/><Equality Source="[SelectedIndex.Value]" Value="0" ConditionOp="GreaterThan"/><IsValid Source="[CallbackCommand]"/><IsValid Source="[FocusOrderHelper]"/></Conditions><Actions><Set Target="[FocusOrderHelper.RequestFocusIndex]" Value="[SelectedIndex.Value]"><Transformer><MathTransformer SubtractInt="1"/></Transformer></Set><Invoke Target="[CallbackCommand.Invoke]" InvokePolicy="Synchronous"/></Actions></Rule><Rule><Conditions><Modified Source="[ScrollDownCommand.Invoked]"/><Equality Source="[SelectedIndex.Value]" Value="[MaxIndex.Value]" ConditionOp="LessThan"/><IsValid Source="[CallbackCommand]"/><IsValid Source="[FocusOrderHelper]"/></Conditions><Actions><Set Target="[FocusOrderHelper.RequestFocusIndex]" Value="[SelectedIndex.Value]"><Transformer><MathTransformer AddInt="1"/></Transformer></Set><Invoke Target="[CallbackCommand.Invoke]" InvokePolicy="Synchronous"/></Actions></Rule><Rule><Conditions><Modified Source="[ScrollUpCommand.Invoked]"/><Equality Source="[ScrollData.CanScrollUp]" Value="true"/><IsNotValid Source="[FocusOrderHelper]"/></Conditions><Actions><Invoke Target="[ScrollData.ScrollUp]"/></Actions></Rule><Rule><Conditions><Modified Source="[ScrollDownCommand.Invoked]"/><Equality Source="[ScrollData.CanScrollDown]" Value="true"/><IsNotValid Source="[FocusOrderHelper]"/></Conditions><Actions><Invoke Target="[ScrollData.ScrollDown]"/></Actions></Rule></Rules><Content><Panel Layout="Anchor" Name="Chevrons" MouseInteractive="true" Margins="[VerticalScrollingChevronsPadding]"><LayoutInput><AnchorLayoutInput Top="Parent,0" Bottom="Parent,1"/></LayoutInput><Children><asr:AutoScrollRegion ScrollData="[ScrollData]" ScrollCommand="[ScrollUpCommand]" LayoutPosition="Top" MinimumSize="[AutoScrollSize]" MaximumSize="[AutoScrollSize]" AlwaysVisible="true" NavigationHintMargins="0,0,0,0"><LayoutInput><AnchorLayoutInput Vertical="Near"/></LayoutInput></asr:AutoScrollRegion><asr:AutoScrollRegion ScrollData="[ScrollData]" ScrollCommand="[ScrollDownCommand]" LayoutPosition="Bottom" MinimumSize="[AutoScrollSize]" MaximumSize="[AutoScrollSize]" AlwaysVisible="true" NavigationHintMargins="0,0,0,0"><LayoutInput><AnchorLayoutInput Vertical="Far"/></LayoutInput></asr:AutoScrollRegion></Children></Panel></Content></UI><Animation Name="Repeater.Scroll.Animation" Type="Move"><Keyframes><PositionKeyframe Time="0.0" RelativeTo="Current" Interpolation="SCurve"/><PositionKeyframe Time="0.15" RelativeTo="Final"/></Keyframes></Animation></Mcml>