<Mcml xmlns="http://schemas.microsoft.com/2006/mcml" xmlns:cor ="assembly://MsCorLib/System" xmlns:draw="assembly://Microsoft.MediaCenter.UI/Microsoft.MediaCenter.UI.Drawing" xmlns:comm="res://Microsoft.MediaCenter.Shell!Globals.mcml" xmlns:me="Me"><UI Name="CheckBox"><Properties><BooleanChoice Name="Model" BooleanChoice="$Required"/><Font Name="Font" Font="font://comm:ButtonText"/><Size Name="TileSize" Size="50, 50"/><cor:Boolean Name="ShowLabel" Boolean="true"/><cor:Boolean Name="WordWrap" Boolean="false"/><cor:Boolean Name="HideFocusState" Boolean="false"/><Inset Name="LabelMargins" Inset="15, 5, 10, 5"/><draw:BaseImage Name="NoFocusImage" BaseImage="image://me:CheckBox.NoFocus"/><draw:BaseImage Name="FocusImage" BaseImage="image://me:CheckBox.Focus"/><draw:BaseImage Name="DisabledImage" BaseImage="image://me:CheckBox.Disabled"/><draw:BaseImage Name="CheckedNoFocusImage" BaseImage="image://me:CheckBox.Checked.NoFocus"/><draw:BaseImage Name="CheckedFocusImage" BaseImage="image://me:CheckBox.Checked.Focus"/><draw:BaseImage Name="CheckedDisabledImage" BaseImage="image://me:CheckBox.Checked.Disabled"/><Color Name="NoFocusColor" Color="color://comm:LightBlue"/><Color Name="FocusColor" Color="color://comm:OffWhite"/><Color Name="DisabledColor" Color="color://comm:LightBlue40Percent"/><Command Name="CommandOverride" Command="null"/></Properties><Locals><Command Name="Command"/><ClickHandler Name="Clicker"/></Locals><Rules><Binding Target="[Accessible.IsPressed]" Source="[Clicker.Clicking]"/><Binding Target="[Accessible.IsFocusable]" Source="[Input.KeyInteractive]"/><Binding Target="[Accessible.IsFocused]" Source="[Input.KeyFocus]"/><Binding Target="[Accessible.Name]" Source="[Model.Description]"/><Binding Target="[Accessible.IsChecked]" Source="[Model.Value]"/><Default Target="[Accessible.IsSelectable]" Value="true"/><Default Target="[Accessible.DefaultActionCommand]" Value="[Command]"/><Default Target="[Accessible.DefaultAction]" Value="res://ehres!Acc_DefaultAction_CheckBox_Checks"/><Default Target="[Accessible.Role]" Value="CheckButton"/><Binding Target="[Command]" Source="[CommandOverride]"><Conditions><IsValid Source="[CommandOverride]"/></Conditions></Binding><Condition Source="[Input.Enabled]" SourceValue="false" Target="[Label.Color]" Value="[DisabledColor]"/><Condition Source="[Input.KeyFocus]" SourceValue="true" Target="[Label.Color]" Value="[FocusColor]"><Conditions><Equality Source="[HideFocusState]" Value="false"/></Conditions></Condition><Rule><Conditions><Equality Source="[Input.KeyFocus]" Value="false"/><Equality Source="[Input.Enabled]" Value="false"/><Equality Source="[Model.Value]" Value="true"/></Conditions><Actions><Set Target="[Background.Image]" Value="[CheckedDisabledImage]"/></Actions></Rule><Rule><Conditions><Equality Source="[Input.KeyFocus]" Value="true"/><Equality Source="[Model.Value]" Value="true"/><Equality Source="[HideFocusState]" Value="false"/></Conditions><Actions><Set Target="[Background.Image]" Value="[CheckedFocusImage]"/></Actions></Rule><Rule><Conditions><Equality Source="[Input.KeyFocus]" Value="true"/><Equality Source="[Model.Value]" Value="true"/><Equality Source="[HideFocusState]" Value="true"/></Conditions><Actions><Set Target="[Background.Image]" Value="[CheckedNoFocusImage]"/></Actions></Rule><Rule><Conditions><Equality Source="[Input.KeyFocus]" Value="false"/><Equality Source="[Model.Value]" Value="true"/></Conditions><Actions><Set Target="[Background.Image]" Value="[CheckedNoFocusImage]"/></Actions></Rule><Condition Source="[Input.Enabled]" SourceValue="false" Target="[Background.Image]" Value="[DisabledImage]"/><Condition Source="[Input.KeyFocus]" SourceValue="true" Target="[Background.Image]" Value="[FocusImage]"><Conditions><Equality Source="[HideFocusState]" Value="false"/></Conditions></Condition><Condition Source="[Input.KeyFocus]" SourceValue="true"><Conditions><Equality Source="[HideFocusState]" Value="false"/></Conditions><Actions><Set Target="[Label.AllowMarquee]" Value="true"/><Set Target="[FocusOverlay.Visible]" Value="true"/><PlaySound Sound="res://ehres!Focus_a.wav" /></Actions></Condition><Default Target="[Label.AllowMarquee]" Value="false"/><Default Target="[FocusOverlay.Visible]" Value="false"/><Binding Source="[Clicker.Clicking]" Target="[Highlight.Visible]"/><Binding Source="[Model.Description]" Target="[Label.Content]"/><Changed Source="[Clicker.Invoked]"><Actions><PlaySound Sound="res://ehres!MiniSelect_a.wav" /><Set Value="[Model.Value]" Target="[Model.Value]"><Transformer><BooleanTransformer Inverse="true"/></Transformer></Set></Actions></Changed><Default Target="[Clicker.Command]" Value="[Command]"/></Rules><Content><Panel MouseInteractive="true"><Layout><LegacyHorizontalFlowLayout ItemAlignment="Center"/></Layout><Children><Panel><Layout><StageLayout/></Layout><Children><Clip Layout="LegacyFill" FadeSize="10"><Children><Graphic Name="Highlight" Image="res://ehres!Common.Button.PressedHighlight.png"><Animations><IAnimationProvider IAnimationProvider="global://comm:Button.PressedHighlight.Show"/><IAnimationProvider IAnimationProvider="global://comm:Button.PressedHighlight.Hide"/></Animations></Graphic></Children></Clip><Graphic Name="FocusOverlay" Layout="LegacyFill" Image="res://ehres!GlobalSettings.Tile.FocusOverlay.png"><Animations><Animation Animation="animation://comm:Button.FocusOverlay.Idle"/><Animation Animation="animation://comm:StandardFade.Hide"/></Animations></Graphic><Graphic Name="Background" Image="[NoFocusImage]" MaximumSize="[TileSize]"><LayoutInput><StageLayoutInput Stage="Primary"/></LayoutInput></Graphic></Children></Panel><FancyText Name="Label" Color="[NoFocusColor]" Font="[Font]" Margins="[LabelMargins]" Visible="[ShowLabel]" WordWrap="[WordWrap]"/></Children></Panel></Content></UI><Image Name="CheckBox.NoFocus" Source="res://ehres!GlobalSettings.Tile.NoFocus.png" Flippable="false"/><Image Name="CheckBox.Focus" Source="res://ehres!GlobalSettings.Tile.Focus.png" Flippable="false"/><Image Name="CheckBox.Disabled" Source="res://ehres!GlobalSettings.Tile.Disabled.png" Flippable="false"/><Image Name="CheckBox.Checked.NoFocus" Source="res://ehres!GlobalSettings.Tile.Select.NoFocus.png" Flippable="false"/><Image Name="CheckBox.Checked.Focus" Source="res://ehres!GlobalSettings.Tile.Select.Focus.png" Flippable="false"/><Image Name="CheckBox.Checked.Disabled" Source="res://ehres!GlobalSettings.Tile.Select.Disabled.png" Flippable="false"/></Mcml>