<Mcml xmlns="http://schemas.microsoft.com/2006/mcml"><Animation Name="SlideDeck.SwoopIn.Show" CenterPointPercent="0.5,1,0" Type="Show" Intensity="Intensive"><Keyframes><AlphaKeyframe Time="0.0" Value="0.0" /><AlphaKeyframe Time="0.2" Value="1.0" /><RotateKeyframe Time="0.0" Value="25deg;1,0,0" RelativeTo="Final" /><RotateKeyframe Time="0.2" Value="0deg;1,0,0" /><ScaleKeyframe Time="0.0" Value=".98,1,1" RelativeTo="Final" /><ScaleKeyframe Time="0.2" Value="1,1,1"/></Keyframes></Animation><Animation Name="SlideDeck.SwoopIn.Hide" Type="Hide" Intensity="Intensive"><Keyframes><AlphaKeyframe Time="0.0" Value="1.0" RelativeTo="Current" /><AlphaKeyframe Time="0.001" Value="0.0" RelativeTo="Absolute" /></Keyframes></Animation><Animation Name="Slide.Show" Type="Show" Intensity="Intensive"><Keyframes><AlphaKeyframe Time="0.0" Value="0.0" RelativeTo="Absolute" /><AlphaKeyframe Time="0.001" Value="1.0"/></Keyframes></Animation><Animation Name="Slide.Hide" Type="Hide" Intensity="Intensive"><Keyframes><AlphaKeyframe Time="0.0" Value="1.0" RelativeTo="Current" /><AlphaKeyframe Time="0.001" Value="0.0" RelativeTo="Absolute" /></Keyframes></Animation><Animation Name="Slide.NavRight.Show" Type="Show" Intensity="Intensive"><Keyframes><AlphaKeyframe Time="0.0" Value="0.0" RelativeTo="Absolute" Interpolation="Log" /><AlphaKeyframe Time="0.2" Value="1.0" /><PositionKeyframe Time="0.0" Value="403,0,0" RelativeTo="Final" Interpolation="Sine" /><PositionKeyframe Time="0.6" Value="0,0,0"/></Keyframes></Animation><Animation Name="Slide.NavRight.Hide" Type="Hide" Intensity="Intensive"><Keyframes><AlphaKeyframe Time="0.0" Value="1.0" RelativeTo="Current" /><AlphaKeyframe Time="0.1" Value="0.0" RelativeTo="Absolute" /><PositionKeyframe Time="0.0" Value="0,0,0" RelativeTo="Current" Interpolation="Sine" /><PositionKeyframe Time="0.6" Value="-806,0,0" RelativeTo="Current" /></Keyframes></Animation><Animation Name="Slide.NavLeft.Show" Type="Show" Intensity="Intensive"><Keyframes><AlphaKeyframe Time="0.0" Value="0.0" RelativeTo="Absolute" Interpolation="Log" /><AlphaKeyframe Time="0.2" Value="1.0" /><PositionKeyframe Time="0.0" Value="-403,0,0" Interpolation="Sine" /><PositionKeyframe Time="0.6" Value="0,0,0" /></Keyframes></Animation><Animation Name="Slide.NavLeft.Hide" Type="Hide" Intensity="Intensive"><Keyframes><AlphaKeyframe Time="0.0" Value="1.0" RelativeTo="Current" Interpolation="Log" /><AlphaKeyframe Time="0.1" Value="0.0" RelativeTo="Absolute" /><PositionKeyframe Time="0.0" Value="0,0,0" RelativeTo="Current" Interpolation="Sine" /><PositionKeyframe Time="0.6" Value="806,0,0" RelativeTo="Current" /></Keyframes></Animation><Animation Name="SlideTitlePivot.NavRight.Show" Type="Show" Intensity="Intensive"><Keyframes><AlphaKeyframe Time="0.0" Value="0.0" RelativeTo="Absolute" Interpolation="Log" /><AlphaKeyframe Time="0.2" Value="1.0" /><PositionKeyframe Time="0.0" Value="403,0,0" RelativeTo="Final" Interpolation="Sine" /><PositionKeyframe Time="0.3" Value="10,0,0" Interpolation="Log" /><PositionKeyframe Time="0.7" Value="0,0,0"/></Keyframes></Animation><Animation Name="SlideTitlePivot.NavRight.Hide" Type="Hide" Intensity="Intensive"><Keyframes><AlphaKeyframe Time="0.0" Value="1.0" RelativeTo="Current" Interpolation="Log" /><AlphaKeyframe Time="0.1" Value="0.0" RelativeTo="Absolute" /><PositionKeyframe Time="0.0" Value="0,0,0" RelativeTo="Current" Interpolation="Sine" /><PositionKeyframe Time="0.3" Value="-796,0,0" RelativeTo="Current" Interpolation="Log" /><PositionKeyframe Time="0.7" Value="-806,0,0" RelativeTo="Current" /></Keyframes></Animation><Animation Name="SlideTitlePivot.NavLeft.Show" Type="Show" Intensity="Intensive"><Keyframes><AlphaKeyframe Time="0.0" Value="0.0" RelativeTo="Absolute" Interpolation="Log" /><AlphaKeyframe Time="0.2" Value="1.0" /><PositionKeyframe Time="0.0" Value="-403,0,0" Interpolation="Sine" /><PositionKeyframe Time="0.3" Value="-10,0,0" Interpolation="Log" /><PositionKeyframe Time="0.7" Value="0,0,0" /></Keyframes></Animation><Animation Name="SlideTitlePivot.NavLeft.Hide" Type="Hide" Intensity="Intensive"><Keyframes><AlphaKeyframe Time="0.0" Value="1.0" RelativeTo="Current" Interpolation="Log" /><AlphaKeyframe Time="0.1" Value="0.0" RelativeTo="Absolute" /><PositionKeyframe Time="0.0" Value="0,0,0" RelativeTo="Current" Interpolation="Sine" /><PositionKeyframe Time="0.3" Value="796,0,0" RelativeTo="Current" Interpolation="Log" /><PositionKeyframe Time="0.7" Value="806,0,0" RelativeTo="Current" /></Keyframes></Animation><Animation Name="NowPlaying.Wipe.Show" Type="Show" Intensity="Intensive"><Keyframes><PositionKeyframe Time="0.0" Value="-1366,0,0" Interpolation="SCurve,1.0" /><PositionKeyframe Time="0.2" Value="0,0,0"/></Keyframes></Animation><Animation Name="NowPlaying.Long.Show" Type="Show" Intensity="Intensive"><Keyframes><AlphaKeyframe Time="0.0" Value="0.0" RelativeTo="Absolute" /><AlphaKeyframe Time="0.4" Value="1.0"/></Keyframes></Animation><Animation Name="NowPlaying.Show" Type="Show" Intensity="Intensive"><Keyframes><AlphaKeyframe Time="0.0" Value="0.0" RelativeTo="Absolute" /><AlphaKeyframe Time="0.2" Value="1.0"/></Keyframes></Animation><Animation Name="NowPlaying.Hide" Type="Hide" Intensity="Intensive"><Keyframes><AlphaKeyframe Time="0.0" Value="1.0" RelativeTo="Current" /><AlphaKeyframe Time="0.2" Value="0.0" RelativeTo="Absolute" /></Keyframes></Animation><Animation Name="Infobar.Show" Type="Show" Intensity="Intensive"><Keyframes><AlphaKeyframe Time="0.0" Value="0.0" RelativeTo="Absolute" /><AlphaKeyframe Time="0.2" Value="1.0"/></Keyframes></Animation><Animation Name="Infobar.Hide" Type="Hide" Intensity="Intensive"><Keyframes><AlphaKeyframe Time="0.0" Value="1.0" RelativeTo="Current" /><AlphaKeyframe Time="0.2" Value="0.0" RelativeTo="Absolute" /></Keyframes></Animation></Mcml>