<Mcml xmlns="http://schemas.microsoft.com/2006/mcml" xmlns:cor ="assembly://MsCorLib/System" xmlns:coll="assembly://MsCorLib/System.Collections" xmlns:draw="assembly://Microsoft.MediaCenter.UI/Microsoft.MediaCenter.UI.Drawing" xmlns:shell="assembly://Microsoft.MediaCenter.UI/Microsoft.MediaCenter.Shell" xmlns:shell2="assembly://Microsoft.MediaCenter.Shell/Microsoft.MediaCenter.Shell" xmlns:comm="res://Microsoft.MediaCenter.Shell!Globals.mcml" xmlns:me ="Me"><UI Name="ScrollControl"><Properties><ScrollingData Name="ScrollData" ScrollingData="$Required"/><cor:Boolean Name="HideIfUnableToScroll" Boolean="true"/></Properties><Rules><Rule><Conditions><Equality Source="[HideIfUnableToScroll]" Value="true"/><Equality Source="[ScrollData.CanScrollUp]" Value="false"/><Equality Source="[ScrollData.CanScrollDown]" Value="false"/></Conditions><Actions><Set Target="[Root.Visible]" Value="false"/></Actions></Rule><Default Target="[Root.Visible]" Value="true"/><Binding Source="[ScrollData.TotalPages]" Target="[TotalPages.Content]"><Transformer><FormatTransformer Format="{0:#.}"/></Transformer></Binding><Binding Source="[ScrollData.CurrentPage]" Target="[CurrentPage.Content]"><Transformer><FormatTransformer Format="{0:#.}"/></Transformer></Binding><Default Target="[Accessible.Name]" Value="ScrollControl" /><Default Target="[Accessible.Role]" Value="Pane" /><Binding Target="[Accessible.Value]" Source="[CurrentPage.Content]" /></Rules><Content><Panel Name="Root"><Layout><LegacyHorizontalFlowLayout ItemAlignment="Center"/></Layout><Animation>animation://comm:StandardFade.Show</Animation><Animation>animation://comm:StandardFade.Hide</Animation><Children><Text Font="font://comm:ButtonText" Color="color://comm:LightBlue" Name="CurrentPage"/><Text Font="font://comm:ButtonText" Color="color://comm:LightBlue" Content=" of "/><Text Font="font://comm:ButtonText" Color="color://comm:LightBlue" Name="TotalPages"/><me:ScrollUpButton ScrollData="[ScrollData]" Margins="2,0,0,0"/><me:ScrollDownButton ScrollData="[ScrollData]" Margins="2,0,0,0"/></Children></Panel></Content></UI><UI Name="ScrollButton"><Properties><Size Name="TileMaxSize" Width="27" Height="27"/><draw:BaseImage Name="NoFocusImage" BaseImage="null"/><draw:BaseImage Name="FocusImage" BaseImage="null"/><draw:BaseImage Name="DisabledImage" BaseImage="null"/><draw:BaseImage Name="FocusOverlayImage" BaseImage="res://ehres!Common.Button.Left.FocusOverlay.png"/><draw:BaseImage Name="PressedImage" BaseImage="res://ehres!Common.Button.PressedHighlight.png"/></Properties><Locals><ClickHandler Name="Clicker"/></Locals><Rules><Condition Source="[Input.Enabled]" SourceValue="false" Target="[Background.Image]" Value="[DisabledImage]"/><Condition Source="[Input.MouseFocus]" SourceValue="true" Target="[Background.Image]" Value="[FocusImage]"/><Binding Source="[Input.KeyFocus]" Target="[FocusOverlay.Visible]"/><Binding Source="[Clicker.Clicking]" Target="[Highlight.Visible]"/><Default Target="[Input.KeyInteractive]" Value="false"/></Rules><Content><Panel Name="Root" MouseInteractive="true" MaximumSize="[TileMaxSize]"><Layout><StageLayout/></Layout><Children><Clip Layout="LegacyFill" FadeSize="20"><Children><Graphic Name="Highlight" Image="[PressedImage]"><Animations><IAnimationProvider IAnimationProvider="global://comm:Button.PressedHighlight.Show"/><IAnimationProvider IAnimationProvider="global://comm:Button.PressedHighlight.Hide"/></Animations></Graphic></Children></Clip><Graphic Name="FocusOverlay" Layout="LegacyFill" Image="[FocusOverlayImage]"><Animations><Animation Animation="animation://comm:Button.FocusOverlay.Idle"/></Animations></Graphic><Graphic Name="Background" Layout="LegacyFill" Image="[NoFocusImage]"><LayoutInput><StageLayoutInput Stage="Primary"/></LayoutInput></Graphic></Children></Panel></Content></UI><UI Name="ScrollUpButton" BaseUI="me:ScrollButton"><Properties><ScrollingData Name="ScrollData" ScrollingData="$Required"/><cor:Boolean Name="HideIfUnableToScroll" Boolean="true"/><Size Name="TileMaxSize" Width="27" Height="27"/><draw:BaseImage Name="NoFocusImage" BaseImage="res://ehres!Common.Scroll.Up.NoFocus.png"/><draw:BaseImage Name="FocusImage" BaseImage="res://ehres!Common.Scroll.Up.Focus.png"/><draw:BaseImage Name="DisabledImage" BaseImage="res://ehres!Common.Scroll.Up.Disabled.png"/></Properties><Locals><InvokeCommand Name="Command" Description="ScrollUp" Target="[ScrollData.ScrollUp]"/></Locals><Rules><Binding Source="[ScrollData.CanScrollUp]" Target="[Input.Enabled]"/><Default Target="[Clicker.Command]" Value="[Command]"/><Rule><Conditions><Equality Source="[HideIfUnableToScroll]" Value="true"/><Equality Source="[ScrollData.CanScrollUp]" Value="false"/><Equality Source="[ScrollData.CanScrollDown]" Value="false"/></Conditions><Actions><Set Target="[Root.Visible]" Value="false"/></Actions></Rule><Default Target="[Root.Visible]" Value="true"/><Default Target="[Accessible.Name]" Value="res://ehres!Acc_Scrolling_Chevron_Down" /><Default Target="[Accessible.Role]" Value="PushButton" /></Rules></UI><UI Name="ScrollDownButton" BaseUI="me:ScrollButton"><Properties><ScrollingData Name="ScrollData" ScrollingData="$Required"/><cor:Boolean Name="HideIfUnableToScroll" Boolean="true"/><Size Name="TileMaxSize" Width="27" Height="27"/><draw:BaseImage Name="NoFocusImage" BaseImage="res://ehres!Common.Scroll.Down.NoFocus.png"/><draw:BaseImage Name="FocusImage" BaseImage="res://ehres!Common.Scroll.Down.Focus.png"/><draw:BaseImage Name="DisabledImage" BaseImage="res://ehres!Common.Scroll.Down.Disabled.png"/></Properties><Locals><InvokeCommand Name="Command" Description="ScrollUp" Target="[ScrollData.ScrollDown]"/></Locals><Rules><Binding Source="[ScrollData.CanScrollDown]" Target="[Input.Enabled]"/><Default Target="[Clicker.Command]" Value="[Command]"/><Rule><Conditions><Equality Source="[HideIfUnableToScroll]" Value="true"/><Equality Source="[ScrollData.CanScrollUp]" Value="false"/><Equality Source="[ScrollData.CanScrollDown]" Value="false"/></Conditions><Actions><Set Target="[Root.Visible]" Value="false"/></Actions></Rule><Default Target="[Root.Visible]" Value="true"/><Default Target="[Accessible.Name]" Value="res://ehres!Acc_Scrolling_Chevron_Up" /><Default Target="[Accessible.Role]" Value="PushButton" /></Rules></UI></Mcml>