<?xml version="1.0" encoding="UTF-8" ?><Mcml xmlns="http://schemas.microsoft.com/2006/mcml" xmlns:cor ="assembly://MsCorLib/System" xmlns:coll="assembly://MsCorLib/System.Collections" xmlns:shell="assembly://Microsoft.MediaCenter.Shell/Microsoft.MediaCenter.Shell" xmlns:asr ="res://Microsoft.MediaCenter.Shell!AutoScrollRegion.mcml" xmlns:comm="res://Microsoft.MediaCenter.Shell!Globals.mcml" xmlns:me="Me"><UI Name="TextOutput"><Properties><shell:OutputData Name="OutputData" OutputData="$Required"/><ScrollingData Name="ScrollData" ScrollingData="$Required"/><cor:Single Name="FadeSize" Single="10"/><Size Name="AutoScrollSize" Size="0,45"/><cor:Boolean Name="AutoScrollEnabled" Boolean="true"/><cor:String Name="ContentItemName" String="LineDataItem"/><shell:RepeatHelper Name="RepeatHelper" RepeatHelper="null"/><Inset Name="LineSpacing" Inset="0, 0, 0, -7"/></Properties><Locals><Command Name="ScrollUpCommand"/><Command Name="ScrollDownCommand"/><shell:RepeatHelper Name="DefaultRepeatHelper"><Mappings><shell:ContentMapping Type="cor:String" ContentName="StringItem"/><shell:ContentMapping Type="shell:OutputLineData" ContentName="LineDataItem"/></Mappings></shell:RepeatHelper><BooleanChoice Name="KeyFocused"/><BooleanChoice Name="Enabled"/><ScrollingHandler Name="ScrollingHandler" ScrollingData="[ScrollData]" HandleDirectionalKeys="true" GesturePanEnabled="true"/></Locals><Rules><Default Target="[Input.KeyInteractive]" Value="true"/><Binding Source="[Input.KeyFocus]" Target="[KeyFocused.Value]"/><Binding Source="[Input.Enabled]" Target="[Enabled.Value]"/><Default Target="[Repeater.RepeatedItem]" Value="[DefaultRepeatHelper.RepeatedHandler]"/><Binding Source="[DefaultRepeatHelper.ContentTypeHandler]" Target="[Repeater.PreRepeatHandler]"/><Condition Source="[RepeatHelper]" ConditionOp="NotEquals" SourceValue="null"><Actions><Set Target="[DefaultRepeatHelper]" Value="[RepeatHelper]"/></Actions></Condition><Condition Source="[Input.KeyFocus]" SourceValue="true"><Actions><PlaySound Sound="res://ehres!Focus_a.wav" /></Actions></Condition><Changed Source="[ScrollDownCommand.Invoked]"><Actions><Invoke Target="[ScrollData.ScrollDown]"/></Actions></Changed><Changed Source="[ScrollUpCommand.Invoked]"><Actions><Invoke Target="[ScrollData.ScrollUp]"/></Actions></Changed><Binding Target="[Scroller.ShowFar]" Source="[ScrollData.CanScrollDown]"/><Default Target="[Scroller.ScrollingData]" Value="[ScrollData]"/><Binding Target="[Accessible.Name]" Source="[OutputData.AccName]"/><Binding Target="[Accessible.Value]" Source="[OutputData.AccValue]"/><Default Target="[Accessible.Role]" Value="Pane"/></Rules><Content><Panel Padding="0, 4, 0, 4" MouseInteractive="true"><Layout><ReferenceLayout SizeToContent="true"/></Layout><Children><asr:AutoScrollRegion ScrollData="[ScrollData]" ScrollCommand="[ScrollUpCommand]" LayoutPosition="Top" MinimumSize="[AutoScrollSize]" MaximumSize="[AutoScrollSize]" ScrollInterval="1750" Visible="[AutoScrollEnabled]"><LayoutInput><ReferenceLayoutInput From="0.5,0" To="Scroller,0.5,0" Offset="0,-30"/></LayoutInput></asr:AutoScrollRegion><asr:AutoScrollRegion ScrollData="[ScrollData]" ScrollCommand="[ScrollDownCommand]" LayoutPosition="Bottom" MinimumSize="[AutoScrollSize]" MaximumSize="[AutoScrollSize]" ScrollInterval="1750" Visible="[AutoScrollEnabled]"><LayoutInput><ReferenceLayoutInput From="0.5,1" To="Scroller,0.5,1" Offset="0,30"/></LayoutInput></asr:AutoScrollRegion><Scroller Name="Scroller" FadeSize="[FadeSize]" Orientation="Vertical"><Children><Clip FadeSize="0.1"><Layout><ReferenceLayout SizeToContent="true"/></Layout><Children><Repeater Name="Repeater" ContentName="[ContentItemName]" Source="[OutputData.LineData]"><Layout><FlowLayout Orientation="Vertical" StripAlignment="Near" ItemAlignment="Near" StopOnEmptyItem="false" MissingItemPolicy="Wait"/></Layout><Animations><NonIntensiveAnimation><Source><Animation DebugID="TextScroll.Move" Type="Move"><Keyframes><PositionKeyframe Time="0.0" RelativeTo="Current"/><PositionKeyframe Time="0.25" RelativeTo="Final"/></Keyframes></Animation></Source></NonIntensiveAnimation></Animations></Repeater></Children></Clip></Children></Scroller><Panel Name="FillPanel" TouchInteractive="true"><LayoutInput><AnchorLayoutInput Left="Parent, 0" Right="Parent, 1" Top="Parent, 0" Bottom="Parent, 1" ContributesToWidth="false" ContributesToHeight="false"/></LayoutInput></Panel></Children></Panel></Content><Content Name="StringItem"><me:TextOutputLine Line="[RepeatedItem!cor:String]" KeyFocused="[KeyFocused]" Enabled="[Enabled]" LineSpacing="[LineSpacing]"/></Content><Content Name="LineDataItem"><me:TextOutputLine Line="[RepeatedItem!shell:OutputLineData.String]" KeyFocused="[KeyFocused]" Enabled="[Enabled]" LineSpacing="[LineSpacing]"/></Content></UI><UI Name="TextOutputFR" BaseUI="me:TextOutput"><Properties><Inset Name="LineSpacing" Inset="0, 0, 0, 2"/></Properties></UI><UI Name="TextOutputLine"><Properties><cor:String Name="Line" String="$Required"/><BooleanChoice Name="KeyFocused" BooleanChoice="$Required"/><BooleanChoice Name="Enabled" BooleanChoice="$Required"/><Color Name="NoFocusColor" Color="color://comm:LightBlue"/><Color Name="FocusColor" Color="color://comm:OffWhite"/><Color Name="DisabledColor" Color="color://comm:LightBlue40Percent"/><Font Name="Font" FontName="global://comm:MainFontFace" FontSize="20"/><Inset Name="LineSpacing" Inset="0, 0, 0, -7"/></Properties><Rules><Condition Source="[Enabled.Value]" SourceValue="false" Target="[Label.Color]" Value="[DisabledColor]"/><Condition Source="[KeyFocused.Value]" SourceValue="true" Target="[Label.Color]" Value="[FocusColor]"/><Binding Source="[Line]" Target="[Label.Content]"/></Rules><Content><FancyText Name="Label" Font="[Font]" Color="[NoFocusColor]" WordWrap="true" Margins="[LineSpacing]"/></Content></UI></Mcml>