<Mcml xmlns="http://schemas.microsoft.com/2006/mcml" xmlns:cor ="assembly://MsCorLib/System" xmlns:draw="assembly://Microsoft.MediaCenter.UI/Microsoft.MediaCenter.UI.Drawing" xmlns:lib ="assembly://Microsoft.MediaCenter.UI/Microsoft.MediaCenter.Shell" xmlns:shell="assembly://Microsoft.MediaCenter.Shell/Microsoft.MediaCenter.Shell" xmlns:ctl ="res://Microsoft.MediaCenter.Shell!Controls.mcml" xmlns:comm="res://Microsoft.MediaCenter.Shell!Globals.mcml" xmlns:me ="Me"><Font Name="ToastTitle" FontName="global://comm:MainFontFace" FontSize="18" /><Font Name="ToastContent" FontName="global://comm:MainFontFace" FontSize="18" /><UI Name="Toast" Code="ListView" Behavior="shell:MenuControl"><Properties><shell:DialogData Name="MenuData" DialogData="$Required"/><shell:ToastMenuItem Name="CancelItem" ToastMenuItem="$Required"/><shell:ImageSet Name="OverlaysBackgroundLeftLight" ImageSet="global://comm:Overlays.Background.Left.Light"/><shell:ImageSet Name="OverlaysBackgroundRightDark" ImageSet="global://comm:Overlays.Background.Right.Dark"/><shell:ImageSet Name="OverlaysButtonNoFocus" ImageSet="global://comm:Overlays.Button.NoFocus"/></Properties><Rules><Binding Target="[Accessible.IsFocusable]" Source="[Input.KeyInteractive]"/><Binding Target="[Accessible.IsFocused]" Source="[Input.KeyFocus]"/><Binding Target="[Accessible.Name]" Source="[MenuData.Message]"/><Default Target="[Accessible.Role]" Value="Dialog"/><Default Target="[Input.Model]" Value="[MenuData]"/><Binding Source="[MenuData.Icon]" Target="[Icon.Image]"/><Binding Source="[MenuData.Items]" Target="[Buttons.Source]"/><Binding Source="[MenuData.Message]" Target="[Message.Content]"/><Binding Source="[MenuData.Title]" Target="[Title.Content]"><Transformer><FormatTransformer ToUpper="true"/></Transformer></Binding></Rules><Content><Panel><Layout><StageLayout/></Layout><Animation>animation://comm:Menu.HorizontalRight.Show</Animation><Animation>animation://comm:Menu.Hide</Animation><Navigation>ContainAll</Navigation><Children><Graphic Name="Border" ><LayoutInput><StageLayoutInput Stage="Primary"/></LayoutInput><Image>metaimage://comm:Overlays.Outline</Image><Layout><DefaultLayout/></Layout><Padding>5, 5, 5, 5</Padding><Children><Panel Name="ContentArea"><MaximumSize>0, 68</MaximumSize><Layout><LegacyHorizontalFlowLayout ItemAlignment="Fill"/></Layout><Children><Graphic Name="ButtonArea" Image="[OverlaysBackgroundLeftLight.Values.#Default!Image]"><Layout><DefaultLayout/></Layout><Children><Panel Padding="10, 8, 10, 8"><Layout><LegacyHorizontalFlowLayout ItemAlignment="Center"/></Layout><Children><Repeater Name="Buttons"><Layout><LegacyHorizontalFlowLayout ItemAlignment="Center"/></Layout><Content><ctl:Button Model="[RepeatedItem!shell:ToastMenuItem]" NoFocusImage="[OverlaysButtonNoFocus.Values.#Default!Image]" DisabledImage="null" NoFocusColor="color://comm:OffWhite"><Animation>animation://comm:MenuItem.Horizontal.Show</Animation><Animation>animation://comm:MenuItem.Hide</Animation><LabelBorderInput><DockLayoutInput Position="Left" Alignment="Center"/></LabelBorderInput></ctl:Button></Content><Divider><Graphic><Margins>1, 0, 1, 0</Margins><Image>res://ehres!Overlays.Divider.Vertical.png</Image><Animation>animation://comm:MenuItem.Horizontal.Show</Animation><Animation>animation://comm:MenuItem.Hide</Animation></Graphic></Divider></Repeater><me:ToastCloseButton Model="[CancelItem]"><Margins>4, 0, 0, 0</Margins><Animation>animation://comm:MenuItem.Horizontal.Show</Animation><Animation>animation://comm:MenuItem.Hide</Animation></me:ToastCloseButton></Children></Panel></Children></Graphic><Graphic Name="IconTextArea" Image="[OverlaysBackgroundRightDark.Values.#Default!Image]"><Layout><LegacyHorizontalFlowLayout ItemAlignment="Center"/></Layout><Children><Panel Name="TextArea"><Layout><LegacyHorizontalFlowLayout ItemAlignment="Center"/></Layout><MaximumSize>240, 0</MaximumSize><Padding>10, 0, 0, 0</Padding><Animation>animation://comm:MenuContent.Show</Animation><Children><FancyText Name="Title"><Font>font://me:ToastTitle</Font><Color>color://comm:DarkBlue</Color></FancyText><FancyText Name="Message"><Font>font://me:ToastContent</Font><Color>color://comm:OffWhite</Color></FancyText></Children></Panel><Panel Name="IconContainer"><Layout><CenterLayout/></Layout><MaximumSize>70, 67</MaximumSize><Animation>animation://comm:MenuContent.Show</Animation><Children><Graphic Name="Icon" MaintainAspectRatio="true"/></Children></Panel></Children></Graphic></Children></Panel></Children></Graphic><Graphic HorizontalAlignment="Fill" VerticalAlignment="Fill"><Image>metaimage://comm:Overlays.Shadow</Image><Layout><FillLayout/></Layout><Margins>0, 0, -38, -42</Margins><SkipCutOut>true</SkipCutOut></Graphic></Children></Panel></Content></UI><UI Name="ToastHost"><Properties><shell:DialogData Name="MenuData" DialogData="$Required"/><shell:ToastMenuItem Name="CancelItem" ToastMenuItem="$Required"/></Properties><Content><Panel Layout="Form" TraceLayout="true"><Children><me:Toast MenuData="[MenuData]" CancelItem="[CancelItem]"><LayoutInput><AnchorLayoutInput Top="Parent,0,58" Right="Parent,1,-58"/></LayoutInput></me:Toast></Children></Panel></Content></UI><UI Name="ToastCloseButton" BaseUI="ctl:Button"><Properties><draw:BaseImage Name="NoFocusImage" BaseImage="res://ehres!Notifications.PowerMenu.Button.NoFocus.png"/><draw:BaseImage Name="FocusImage" BaseImage="res://ehres!Toast.Button.Focus.png"/><draw:BaseImage Name="FocusOverlayImage" BaseImage="res://ehres!Toast.Button.Overlay.png"/><Size Name="TileSize" Width="50" Height="50"/><cor:Boolean Name="ShowLabel" Boolean="false"/><Image Name="CloseImage" Image="res://ehres!Notifications.PowerMenu.Icon.Close.png"/><DockLayoutInput Name="IconBorderInput" Position="Client" Alignment="Center"/></Properties><Rules><Default Target="[IconImage]" Value="[CloseImage]"/></Rules></UI></Mcml>