<Mcml xmlns="http://schemas.microsoft.com/2006/mcml" xmlns:cor ="assembly://MsCorLib/System" xmlns:draw="assembly://Microsoft.MediaCenter.UI/Microsoft.MediaCenter.UI.Drawing" xmlns:b ="res://Microsoft.MediaCenter.Shell!Button.mcml"><UI Name="MenuRadioButton" BaseUI="b:ButtonBase"><Properties><Choice Name="Model" Choice="$Required"/><cor:Object Name="Option" Object="$Required"/><draw:BaseImage Name="NoFocusIconImage" BaseImage="res://ehres!Common.Button.RadioButtonOutline.NoFocus.png"/><draw:BaseImage Name="FocusIconImage" BaseImage="res://ehres!Common.Button.RadioButtonOutline.Focus.png"/><draw:BaseImage Name="DisabledIconImage" BaseImage="null"/><draw:BaseImage Name="CheckedNoFocusIconImage" BaseImage="res://ehres!Common.Button.RadioButtonBullet.NoFocus.png"/><draw:BaseImage Name="CheckedFocusIconImage" BaseImage="res://ehres!Common.Button.RadioButtonBullet.Focus.png"/><draw:BaseImage Name="CheckedDisabledIconImage" BaseImage="null"/><Inset Name="IconPadding" Inset="0,0,20,0"/><DockLayoutInput Name="IconBorderInput" Position="Right" Alignment="Center"/></Properties><Locals><Command Name="Command"/></Locals><Rules><Rule><Conditions><Equality Source="[Input.KeyFocus]" Value="false"/><Equality Source="[Input.Enabled]" Value="false"/><Equality Source="[Model.Chosen]" Value="[Option]"/></Conditions><Actions><Set Target="[Icon.Image]" Value="[CheckedDisabledIconImage]"/></Actions></Rule><Rule><Conditions><Equality Source="[Input.KeyFocus]" Value="true"/><Equality Source="[Model.Chosen]" Value="[Option]"/></Conditions><Actions><Set Target="[Icon.Image]" Value="[CheckedFocusIconImage]"/></Actions></Rule><Rule><Conditions><Equality Source="[Input.KeyFocus]" Value="false"/><Equality Source="[Model.Chosen]" Value="[Option]"/></Conditions><Actions><Set Target="[Icon.Image]" Value="[CheckedNoFocusIconImage]"/></Actions></Rule><Condition Source="[Input.Enabled]" SourceValue="false" Target="[Icon.Image]" Value="[DisabledIconImage]"/><Condition Source="[Input.KeyFocus]" SourceValue="true" Target="[Icon.Image]" Value="[FocusIconImage]"/><Default Target="[Icon.Image]" Value="[NoFocusIconImage]"/><Binding Source="[Option]" Target="[Label.Content]"><Transformer><DescriptionTransformer/></Transformer></Binding><Changed Source="[Command.Invoked]"><Actions><Set Target="[Model.Chosen]" Value="[Option]"/></Actions></Changed><Default Target="[Clicker.Command]" Value="[Command]"/></Rules></UI></Mcml>