<Mcml xmlns="http://schemas.microsoft.com/2008/mcml" xmlns:cor="assembly://mscorlib/System" xmlns:me="Me"><UI Name="BrowseItemBase"><Properties><ICommand Name="Model" ICommand="$Required"/><ISelectionPolicy Name="SelectionPolicy" ISelectionPolicy="$Required"/><Index Name="Index" Index="$Required"/><PropertySet Name="ItemProperties" PropertySet="$Required"/><Size Name="TileSize" Size="0, 0"/><Vector3 Name="NoFocusScale" Vector3="1.0, 1.0, 1.0"/><Vector3 Name="FocusScale" Vector3="1.26, 1.26, 1.0"/><cor:Single Name="FocusAlpha" Single="1.0"/><cor:Single Name="NoFocusAlpha" Single="0.85"/><AccessibleRole Name="AccessibilityRole" AccessibleRole="ListItem"/><cor:Boolean Name="AllowSelectAnimation" Boolean="false"/></Properties><Locals><Environment Name="Environment"/><ClickHandler Name="Clicker"/><EditableText Name="FocusArea" EditableText="[ItemProperties.#FocusArea!EditableText]"/><IntRangedValue Name="GalleryContentShift" IntRangedValue="[ItemProperties.#GalleryContentShift!IntRangedValue]"/><cor:Boolean Name="InListMaker" Boolean="[ItemProperties.#InListMaker!cor:Boolean]"/><BooleanChoice Name="IsOneRow" BooleanChoice="[ItemProperties.#IsOneRow!BooleanChoice]"/><BooleanChoice Name="IsPanning" BooleanChoice="[ItemProperties.#IsPanning!BooleanChoice]"/><EditableText Name="ItemMode" EditableText="[ItemProperties.#ItemMode!EditableText]"/><EditableText Name="KeyAxis" EditableText="[ItemProperties.#KeyAxis!EditableText]"/><IntRangedValue Name="MetaDataLeftShift" IntRangedValue="[ItemProperties.#MetaDataLeftShift!IntRangedValue]"/><IntRangedValue Name="MetaDataTopShift" IntRangedValue="[ItemProperties.#MetaDataTopShift!IntRangedValue]"/><cor:Random Name="Random" Random="[ItemProperties.#Random!cor:Random]"/><IntRangedValue Name="SelectedGroup" IntRangedValue="[ItemProperties.#SelectedGroup!IntRangedValue]"/><IntRangedValue Name="SelectedIndex" IntRangedValue="[ItemProperties.#SelectedIndex!IntRangedValue]"/><IntRangedValue Name="TotalCount" IntRangedValue="[ItemProperties.#TotalCount!IntRangedValue]"/><EditableText Name="TransitionState" EditableText="[ItemProperties.#TransitionState!EditableText]"/><IntRangedValue Name="GroupIndex" IntRangedValue="null"/><Command Name="Selected"/><Command Name="Trigger"/><Command Name="Reset"/><EditableText Name="LocalMode" Value="None"/><BooleanChoice Name="ModelSelected" Value="false" /><cor:Object Name="InvokeReturned"/><cor:Boolean Name="IsFocused"/><cor:Boolean Name="IsSelectable" Boolean="false"/><BooleanChoice Name="BeingClicked" Value="false" /><Timer Name="IsSelectableTimer" Interval="50" AutoRepeat="false" Enabled="false" /><TransformAnimation Name="TransitionAnimation" /><TransformAnimation Name="UnselectedExit" /></Locals><Rules><Binding Target="[Accessible.IsPressed]" Source="[Clicker.Clicking]"/><Binding Target="[Accessible.IsFocusable]" Source="[Input.KeyInteractive]"/><Binding Target="[Accessible.IsFocused]" Source="[Input.KeyFocus]"/><Binding Target="[Accessible.Name]" Source="[Model.Description]"><Conditions><IsValid Source="[Model]"/></Conditions></Binding><Default Target="[Accessible.DefaultActionCommand]" Value="[Model]"/><Default Target="[Accessible.DefaultAction]" Value="res://ehres!Acc_DefaultAction_Button"/><Default Target="[Accessible.Role]" Value="[AccessibilityRole]"/><Default Target="[Clicker.Command]" Value="[Selected]"/><Binding Source="[IsPanning.Value]" Target="[Input.KeyFocusOnMouseEnter]" ><Transformer><NotTransformer /></Transformer></Binding><Rule><Conditions><IsValid Source="[Model]"/><IsValid Source="[SelectionPolicy]"/></Conditions><Actions><Set Target="[Model!ISelectable.SelectionPolicy]" Value="[SelectionPolicy]"/><Set Target="[Input.FocusModel]" Value="[Model!ISelectable]"/></Actions></Rule><Rule><Conditions><Equality Source="[InListMaker]" Value="true"/></Conditions><Actions><Set Target="[IsSelectable]" Value="true"/></Actions></Rule><Changed Source="[Input.KeyFocus]"><Conditions><Equality Source="[Input.KeyFocus]" Value="true" ConditionOp="ChangedTo"/><Equality Source="[InListMaker]" Value="false"/></Conditions><Actions><Set Target="[IsSelectable]" Value="false"/><Invoke Target="[IsSelectableTimer.Start]"/><PlaySound Sound="res://ehres!Focus_a.wav"/></Actions></Changed><Rule><Conditions><Equality Source="[Input.KeyFocus]" Value="true"/><IsValid Source="[SelectionPolicy]"/></Conditions><Actions><Set Target="[SelectionPolicy.SelectionIndex]" Value="[Index.Value]"/></Actions></Rule><Rule><Conditions><Equality Source="[Input.KeyFocus]" Value="true"/></Conditions><Actions><Set Target="[SelectedIndex.Value]" Value="[Index.Value]"/></Actions></Rule><Rule><Conditions><Equality Source="[Input.KeyFocus]" Value="true"/><IsValid Source="[GroupIndex]"/></Conditions><Actions><Set Target="[SelectedGroup.Value]" Value="[GroupIndex.Value]"/></Actions></Rule><Rule ConditionLogicalOp="Or"><Conditions><Equality Source="[TransitionState.Value]" Value="NavigatingToForward"/><Equality Source="[TransitionState.Value]" Value="NavigatingToBackward"/></Conditions><Actions><Set Target="[LocalMode.Value]" Value="None" ExclusiveApply="false"/></Actions></Rule><Rule><Conditions><Equality Source="[Environment.RenderingDeviceType]" Value="Gdi"/></Conditions><Actions><Set Target="[NoFocusAlpha]" Value="1.0"/></Actions></Rule><Changed Source="[Input.KeyFocus]"><Conditions><Equality Source="[Input.KeyFocus]" Value="true"/></Conditions><Actions><Set Target="[LocalMode.Value]" Value="None" ExclusiveApply="false"/></Actions></Changed><Condition Source="[Input.KeyFocus]" ConditionOp="ChangedTo" SourceValue="false"><Conditions><Equality Source="[InListMaker]" Value="false"/></Conditions><Actions><Set Target="[IsSelectable]" Value="false"/><Set Target="[IsSelectableTimer.Enabled]" Value="false" /></Actions></Condition><Rule><Conditions><Equality Source="[LocalMode.Value]" Value="Select"/><Equality Source="[TransitionState.Value]" Value="Idle"/><Equality Source="[SelectedIndex.Value]" ConditionOp="NotEquals" Value="[Index.Value]"/></Conditions><Actions><Set Target="[LocalMode.Value]" Value="None" ExclusiveApply="false"/></Actions></Rule><Condition Source="[LocalMode.Value]" SourceValue="None"><Actions><Set Target="[MousePanel.Scale]" Value="[NoFocusScale]" ExclusiveApply="false"/><Set Target="[Tile.Scale]" Value="[NoFocusScale]" ExclusiveApply="false"/><Set Target="[LabelPanel.Scale]" Value="[NoFocusScale]" ExclusiveApply="false"/></Actions></Condition><Binding Source="[Model.Selected]" Target="[ModelSelected.Value]"><Conditions><IsValid Source="[Model]"/></Conditions></Binding><Rule><Conditions><Equality Source="[FocusArea.Value]" ConditionOp="ChangedTo" Value="TurboScrollGallery"/></Conditions><Actions><Set Target="[IsFocused]" Value="false"/></Actions></Rule><Rule ConditionLogicalOp="Or"><Conditions><Equality Source="[ModelSelected.Value]" Value="true"/><Equality Source="[LocalMode.Value]" Value="Select"/></Conditions><Actions><Set Target="[IsFocused]" Value="true"/></Actions></Rule><Default Target="[IsFocused]" Value="false"/><Rule><Conditions><Modified Source="[IsSelectableTimer.Tick]"/></Conditions><Actions><Set Target="[IsSelectable]" Value="true"/></Actions></Rule><Changed Source="[Clicker.Clicking]" InitialEvaluate="true"><Conditions><Equality Source="[Input.KeyFocus]" Value="true" /></Conditions><Actions><Set Target="[BeingClicked.Value]" Value="[Clicker.Clicking]" /></Actions></Changed><Default Target="[BeingClicked.Value]" Value="false" /><Rule><Conditions><Equality Source="[BeingClicked.Value]" Value="true" ConditionOp="ChangedTo" /><Equality Source="[AllowSelectAnimation]" Value="false" /></Conditions><Actions><Set Target="[LocalMode.Value]" Value="Press" ExclusiveApply="false"/></Actions></Rule><Rule><Conditions><Equality Source="[BeingClicked.Value]" Value="false" ConditionOp="ChangedTo" /><Equality Source="[AllowSelectAnimation]" Value="false" /></Conditions><Actions><Set Target="[LocalMode.Value]" Value="Release" ExclusiveApply="false"/></Actions></Rule><Rule><Conditions><Modified Source="[Selected.Invoked]"/><Equality Source="[AllowSelectAnimation]" Value="false"/><Equality Source="[IsSelectable]" Value="true" /></Conditions><Actions><PlaySound Sound="res://ehres!Select_a.wav"/><Set Target="[LocalMode.Value]" Value="Select" ExclusiveApply="false" InvokePolicy="AsynchronousLowPri"/></Actions></Rule></Rules><Content><Panel><Children><Panel Name="Root" /><Panel Name="MousePanel" /><Text Name="Label" /><Panel Name="Tile" /><Panel Name="LabelPanel" /></Children></Panel></Content></UI></Mcml>