<Mcml xmlns="http://schemas.microsoft.com/2006/mcml" xmlns:cor ="assembly://MsCorLib/System" xmlns:ani ="assembly://Microsoft.MediaCenter.UI/Microsoft.MediaCenter.UI.Animations" xmlns:draw="assembly://Microsoft.MediaCenter.UI/Microsoft.MediaCenter.UI.Drawing" xmlns:shl ="assembly://Microsoft.MediaCenter.Shell/Microsoft.MediaCenter.Shell" xmlns:comm="res://Microsoft.MediaCenter.Shell!Globals.mcml" xmlns:me ="Me"><Aggregate Source="res://Microsoft.MediaCenter.Shell!StartMenuAnimations.mcml"/><UI Name="QuickLinkView"><Properties><shl:StartMenuQuickLink Name="Model" StartMenuQuickLink="$Required"/><shl:StartMenuCategory Name="StartMenuCategory" StartMenuCategory="$Required"/><shl:QuickLinkPanSettings Name="QuickLinkPanSettings" QuickLinkPanSettings="$Required"/><Index Name="Index" Index="$Required"/><EditableText Name="QuickLinkMode" EditableText="$Required"/><IntRangedValue Name="SelectedIndex" IntRangedValue="$Required"/><IntRangedValue Name="HoverIndex" IntRangedValue="$Required"/><BooleanChoice Name="Arriving" BooleanChoice="$Required"/><BooleanChoice Name="LaunchFlag" BooleanChoice="$Required"/><BooleanChoice Name="UseQuickLinkShow" BooleanChoice="$Required"/><cor:Int32 Name="QuickLinkCount"/><cor:Boolean Name="UseFocusLayout" Boolean="false"/><Size Name="FocusSize" Size="258, 272"/><cor:Single Name="NoFocusAlpha" Single="global://comm:StartMenuQuickLinkNoFocusAlpha"/><cor:Single Name="FocusAlpha" Single="1.0"/><cor:Single Name="HoverAlpha" Single="1.0"/></Properties><Locals><Environment Name="Environment"/><ClickHandler Name="Clicker"/><Command Name="Trigger"/><Command Name="Reset"/><KeyHandler Name="LeftKey" Key="Left" Handle="false" HandlerStage="Direct"/><KeyHandler Name="RightKey" Key="Right" Handle="false" HandlerStage="Direct"/><ShortcutHandler Name="ClearHandler" Shortcut="Clear" Handle="true"/><KeyHandler Name="DeleteHandler" Key="Delete" Handle="true" HandlerStage="Routed"/><EditableText Name="SizeMode" Value="None"/><EditableText Name="LocalMode" Value="None"/><cor:Object Name="InvokeReturned"/><AreaOfInterestLayoutInput Name="AreaOfInterest" Id="SelectedQuickLink"/><cor:Int32 Name="StepOffset"/><MathTransformer Name="CalcOffset" Absolute="true"/><cor:Int32 Name="HideSign" Int32="-9999"/><MathTransformer Name="CalcSign" Sign="true"/><TransformAnimation Name="HideAnimation" Source="animation://me:Start.Category.Collapse.Straight"/><cor:Boolean Name="NeedsToUseShowAnimation" Boolean="true"/></Locals><Rules><Default Target="[Input.CreateInterestOnFocus]" Value="false"/><Binding Target="[QuickLink.Source]" Source="[Model.ViewTemplate]"/><Binding Target="[Accessible.IsPressed]" Source="[Clicker.Clicking]"/><Binding Target="[Accessible.IsFocused]" Source="[Input.KeyFocus]"/><Rule><Conditions><Equality Source="[Input.KeyInteractive]" Value="true" /><Modified Source="[Model.Description]" InitialEvaluate="true"/></Conditions><Actions><Set Target="[Accessible.Name]" Value="[Model.Description]" /></Actions></Rule><Rule><Conditions><Equality Source="[Input.KeyInteractive]" Value="true" /><Equality Source="[StartMenuCategory.Selected]" Value="true"/></Conditions><Actions><Set Target="[Accessible.IsFocusable]" Value="true" /></Actions></Rule><Default Target="[Accessible.IsFocusable]" Value="false"/><Rule><Conditions><Equality Source="[StartMenuCategory.Selected]" Value="true"/><Equality Source="[NeedsToUseShowAnimation]" Value="true"/><Equality Source="[UseQuickLinkShow.Value]" Value="true"/></Conditions><Actions><Invoke Target="[QuickLink.AttachAnimation]" animation="global://me:Start.QuickLink.Show" InvokePolicy="Synchronous"/><Invoke Target="[QuickLink.DetachAnimation]" type="Show" InvokePolicy="AsynchronousLowPri"/></Actions></Rule><Default Target="[NeedsToUseShowAnimation]" Value="false"/><Condition Source="[Input.KeyInteractive]" SourceValue="true"><Actions><Set Target="[Accessible.DefaultActionCommand]" Value="[Model]"/><Set Target="[Accessible.DefaultAction]" Value="res://ehres!Acc_DefaultAction_Button"/><Set Target="[Accessible.Role]" Value="PushButton"/><Set Target="[Accessible.UniqueId]" Value="[Model.UniqueId]"/></Actions></Condition><Default Target="[Input.KeyFocusOnMouseEnter]" Value="false"/><Condition Source="[Input.MouseFocus]" SourceValue="true" Target="[HoverIndex.Value]" Value="[Index.Value]"/><Rule><Actions><Set Target="[Input.MouseInteractive]" Value="[UseFocusLayout]"><Transformer><BooleanTransformer Inverse="true"/></Transformer></Set><Set Target="[Input.KeyInteractive]" Value="[UseFocusLayout]"><Transformer><BooleanTransformer Inverse="true"/></Transformer></Set><Set Target="[Input.Enabled]" Value="[UseFocusLayout]"><Transformer><BooleanTransformer Inverse="true"/></Transformer></Set></Actions></Rule><Condition Source="[Environment.IsRightToLeft]" SourceValue="true"><Actions><Set Target="[LeftKey.Key]" Value="Right"/><Set Target="[RightKey.Key]" Value="Left"/></Actions></Condition><Rule><Conditions><Equality Source="[QuickLinkMode.Value]" Value="Select"/><Equality Source="[SelectedIndex.Value]" ConditionOp="NotEquals" Value="-1"/></Conditions><Actions><Set Target="[CalcSign.SubtractInt]" Value="[SelectedIndex.Value]"/><Set Target="[HideSign]" Value="[Index.Value]" Transformer="[CalcSign]"/><Set Target="[CalcOffset.SubtractInt]" Value="[SelectedIndex.Value]"/><Set Target="[StepOffset]" Value="[Index.Value]" Transformer="[CalcOffset]"/><Set Target="[HideAnimation.Delay]" Value="[StepOffset]"><Transformer><MathTransformer Multiply="0.033" Type="Single"/></Transformer></Set></Actions></Rule><Rule><Conditions><Equality Source="[QuickLinkMode.Value]" Value="Select"/><Equality Source="[HideSign]" Value="1"/></Conditions><Actions><Set Target="[HideAnimation.Source]" Value="animation://me:Start.QuickLink.Hide.Right"/><Invoke Target="[QuickLink.AttachAnimation]" animation="[HideAnimation]" InvokePolicy="Synchronous"/></Actions></Rule><Rule><Conditions><Equality Source="[QuickLinkMode.Value]" Value="Select"/><Equality Source="[HideSign]" Value="-1"/></Conditions><Actions><Set Target="[HideAnimation.Source]" Value="animation://me:Start.QuickLink.Hide.Left"/><Invoke Target="[QuickLink.AttachAnimation]" animation="[HideAnimation]" InvokePolicy="Synchronous"/></Actions></Rule><Rule><Conditions><Equality Source="[QuickLinkMode.Value]" Value="Select"/><Equality Source="[HideSign]" Value="0"/></Conditions><Actions><Set Target="[HideAnimation.Source]" Value="animation://me:Start.QuickLink.Hide.Select"/><Invoke Target="[QuickLink.AttachAnimation]" animation="[HideAnimation]" InvokePolicy="Synchronous"/></Actions></Rule><Changed Source="[Reset.Invoked]"><Actions><Set Target="[QuickLinkMode.Value]" Value="None"/></Actions></Changed><Changed Source="[InvokeReturned]"><Actions><Invoke Target="[QuickLink.DetachAnimation]" type="Hide" InvokePolicy="AsynchronousLowPri"/><Set Target="[LocalMode.Value]" Value="None"/><Set Target="[QuickLinkMode.Value]" Value="Reset"/><Invoke Target="[Reset.Invoke]" InvokePolicy="AsynchronousLowPri"/></Actions></Changed><Changed Source="[Trigger.Invoked]"><Actions><Invoke Target="[Model.Invoke]" ResultTarget="[InvokeReturned]" invokePolicy="Synchronous" InvokePolicy="Synchronous"/></Actions></Changed><Condition Source="[LocalMode.Value]" ConditionOp="ChangedTo" SourceValue="Select"><Actions><PlayAnimation Target="[QuickLink]" Animation="animation://me:Start.QuickLink.Release"/><Set Target="[QuickLinkMode.Value]" Value="[LocalMode.Value]"/><Set Target="[SelectedIndex.Value]" Value="[Index.Value]"/><Invoke Target="[Trigger.Invoke]" InvokePolicy="AsynchronousLowPri"/></Actions></Condition><Condition Source="[LocalMode.Value]" SourceValue="Release"><Actions><PlayAnimation Target="[QuickLink]" Animation="animation://me:Start.QuickLink.Release"/><Set Target="[QuickLinkMode.Value]" Value="[LocalMode.Value]"/></Actions></Condition><Condition Source="[LocalMode.Value]" SourceValue="Press"><Actions><PlayAnimation Target="[QuickLink]" Animation="animation://me:Start.QuickLink.Press"/><Set Target="[QuickLinkMode.Value]" Value="[LocalMode.Value]"/></Actions></Condition><Changed Source="[Clicker.Invoked]"><Actions><Set Target="[LocalMode.Value]" Value="Select"/><Set Target="[StartMenuCategory.SelectedQuickLinkIndex.Value]" Value="[Index.Value]" /></Actions></Changed><Rule><Conditions><Equality Source="[Input.MouseFocus]" Value="false"/><Equality Source="[HoverIndex.Value]" Value="[Index.Value]"/><Equality Source="[Input.MouseInteractive]" Value="true"/></Conditions><Actions><Set Target="[HoverIndex.Value]" Value="-1"/></Actions></Rule><Rule><Conditions><Equality Source="[HoverIndex.Value]" Value="[Index.Value]"/><Equality Source="[UseFocusLayout]" Value="false"/></Conditions><Actions><Set Target="[QuickLink.ThumbAlpha]" Value="[HoverAlpha]"/></Actions></Rule><Condition Source="[UseFocusLayout]" SourceValue="true"><Actions><Set Target="[QuickLink.ThumbAlpha]" Value="[FocusAlpha]"/><Set Target="[Root.MaximumSize]" Value="[FocusSize]"/></Actions></Condition><Rule><Conditions><Equality Source="[Clicker.Clicking]" Value="false"/><Equality Source="[Environment.IsMouseActive]" Value="true"/><Equality Source="[Input.KeyFocus]" Value="true"/><Equality Source="[LocalMode.Value]" Value="Press"/></Conditions><Actions><Set Target="[LocalMode.Value]" Value="Release"/></Actions></Rule><Rule><Conditions><Equality Source="[Clicker.Clicking]" Value="true"/><Equality Source="[Input.KeyFocus]" Value="true"/></Conditions><Actions><Set Target="[LocalMode.Value]" Value="Press"/></Actions></Rule><Changed Source="[Model.Selected]" InitialEvaluate="true"><Conditions><Equality Source="[Model.Selected]" Value="true"/></Conditions><Actions><Invoke Target="[Root.SetLayoutInput]" oNewValue="[AreaOfInterest]" InvokePolicy="Synchronous"/></Actions></Changed><Condition Source="[Model.Selected]" SourceValue="false" ConditionOp="ChangedTo"><Actions><Invoke Target="[Root.SetLayoutInput]" idInput="[AreaOfInterest!ILayoutData.Data]" oNewValue="null" InvokePolicy="Synchronous"/></Actions></Condition><Changed Source="[Clicker.Invoked]"><Actions><PlaySound Sound="res://ehres!Select_a.wav"/></Actions></Changed><Rule><Conditions><Equality Source="[Input.KeyFocus]" ConditionOp="ChangedTo" Value="true"/><Equality Source="[Arriving.Value]" Value="false"/></Conditions><Actions><PlaySound Sound="res://ehres!Focus_a.wav"/></Actions></Rule><Rule><Conditions><Equality Source="[Input.KeyFocus]" Value="false"/><IsValid Source="[Model.SelectionPolicy]"/></Conditions><Actions><Invoke Target="[Model!ISelectable.SelectionPolicy.OnItemLostFocus]" item="[Model!ISelectable]"/></Actions></Rule><Rule><Conditions><Equality Source="[Input.KeyFocus]" Value="true"/><IsValid Source="[Model.SelectionPolicy]"/></Conditions><Actions><Invoke Target="[Model!ISelectable.SelectionPolicy.OnItemGainFocus]" item="[Model!ISelectable]"/></Actions></Rule><Rule><Conditions><Modified Source="[LeftKey.Invoked]"/><Equality Source="[Model.Selected]" Value="true"/><Equality Source="[Index.Value]" ConditionOp="GreaterThan" Value="0"/></Conditions><Actions><Set Target="[QuickLinkMode.Value]" Value="NavLeft"/><PlayAnimation Target="[Root]" Animation="animation://me:Start.QuickLink.FocusMove.Left"/></Actions></Rule><Rule><Conditions><Modified Source="[RightKey.Invoked]"/><Equality Source="[Model.Selected]" Value="true"/><Equality Source="[Index.Value]" ConditionOp="LessThan" Value="[QuickLinkCount]"><SourceTransformer><MathTransformer Add="1"/></SourceTransformer></Equality></Conditions><Actions><Set Target="[QuickLinkMode.Value]" Value="NavRight"/><PlayAnimation Target="[Root]" Animation="animation://me:Start.QuickLink.FocusMove.Right"/></Actions></Rule><Rule ConditionLogicalOp="Or"><Conditions><Modified Source="[ClearHandler.Invoked]"/><Modified Source="[DeleteHandler.Invoked]"/></Conditions><Actions><Invoke Target="[Model.Remove]"/></Actions></Rule><Rule><Conditions><Equality Source="[Model.Selected]" Value="true"/><Equality Source="[UseFocusLayout]" Value="true"/></Conditions><Actions><Set Target="[SizeMode.Value]" Value="pre"/></Actions></Rule><Rule><Conditions><Equality Source="[Model.Selected]" Value="true"/><Equality Source="[UseFocusLayout]" Value="false"/></Conditions><Actions><Set Target="[SizeMode.Value]" Value="post"/></Actions></Rule><Rule><Conditions><Equality Source="[Model.Selected]" Value="false"/><Equality Source="[UseFocusLayout]" Value="true"/></Conditions><Actions><Set Target="[SizeMode.Value]" Value="post"/></Actions></Rule><Rule><Conditions><Equality Source="[Model.Selected]" Value="false"/><Equality Source="[UseFocusLayout]" Value="false"/></Conditions><Actions><Set Target="[SizeMode.Value]" Value="pre"/></Actions></Rule><Binding Target="[Root.MaximumSize]" Source="[QuickLinkPanSettings.NoFocusNotSelectedSize]"><Conditions><Equality Source="[StartMenuCategory.Selected]" Value="true"/><Equality Source="[UseFocusLayout]" Value="false"/><Equality Source="[Model.Selected]" Value="false"/><Equality Source="[QuickLinkPanSettings.IncomingIndex]" ConditionOp="NotEquals" Value="[Index.Value]"/></Conditions><Actions><Invoke Target="[Root.MarkLayoutInvalid]" InvokePolicy="Synchronous"/></Actions></Binding><Rule><Conditions><Equality Source="[UseFocusLayout]" Value="false"/><Equality Source="[Model.Selected]" Value="false"/><Equality Source="[QuickLinkPanSettings.IncomingIndex]" ConditionOp="NotEquals" Value="[Index.Value]"/></Conditions><Actions><Set Target="[Root.MaximumSize]" Value="[QuickLinkPanSettings.NoFocusNotSelectedSize]"/></Actions></Rule><Binding Target="[Root.MaximumSize]" Source="[QuickLinkPanSettings.AdjustedNoFocusIncomingSize]"><Conditions><Equality Source="[StartMenuCategory.Selected]" Value="true"/><Equality Source="[UseFocusLayout]" Value="false"/><Equality Source="[QuickLinkPanSettings.IncomingIndex]" Value="[Index.Value]"/></Conditions><Actions><Invoke Target="[Root.MarkLayoutInvalid]" InvokePolicy="Synchronous"/></Actions></Binding><Binding Target="[Root.MaximumSize]" Source="[QuickLinkPanSettings.AdjustedNoFocusSelectedSize]"><Conditions><Equality Source="[StartMenuCategory.Selected]" Value="true"/><Equality Source="[UseFocusLayout]" Value="false"/><Equality Source="[Model.Selected]" Value="true"/></Conditions><Actions><Invoke Target="[Root.SetLayoutInput]" idInput="[AreaOfInterest!ILayoutData.Data]" oNewValue="null" InvokePolicy="Synchronous"/><Invoke Target="[Root.MarkLayoutInvalid]" InvokePolicy="Synchronous"/></Actions></Binding><Rule><Conditions><Equality Source="[StartMenuCategory.Selected]" Value="true"/><Equality Source="[UseFocusLayout]" Value="false"/><Equality Source="[Model.Selected]" Value="true"/></Conditions><Actions><Set Target="[Root.MaximumSize]" Value="[QuickLinkPanSettings.NoFocusSelectedSize]"/><Invoke Target="[Root.NavigateInto]"/></Actions></Rule><Rule><Conditions><Equality Source="[UseFocusLayout]" Value="false"/><Equality Source="[StartMenuCategory.Selected]" Value="false"/><Equality Source="[Model.Selected]" Value="true"/></Conditions><Actions><Set Target="[Root.MaximumSize]" Value="[QuickLinkPanSettings.NoFocusSelectedSize]"/></Actions></Rule><Rule><Conditions><Equality Source="[UseFocusLayout]" Value="false"/><Equality Source="[StartMenuCategory.Selected]" Value="false"/><Equality Source="[Model.Selected]" Value="false"/></Conditions><Actions><Set Target="[Root.MaximumSize]" Value="[QuickLinkPanSettings.NoFocusNotSelectedSize]"/></Actions></Rule></Rules><Content><Panel Name="Root" MaximumSize="[QuickLinkPanSettings.NoFocusNotSelectedSize]"><Layout><AnchorLayout SizeToHorizontalChildren="false" SizeToVerticalChildren="true"/></Layout><Animations><Animation Animation="animation://me:Start.QuickLink.Move"/><Animation Animation="animation://me:Start.QuickLink.Size"/><Animation Animation="animation://me:Start.QuickLink.Alpha"/></Animations><Children><me:QuickLinkContent Name="QuickLink" Model="[Model]" Layout="Anchor" LocalMode="[LocalMode]" UseFocusLayout="[UseFocusLayout]" SizeMode="[SizeMode]" ThumbAlpha="[NoFocusAlpha]" StartMenuCategory="[StartMenuCategory]" QuickLinkMode="[QuickLinkMode]" Index="[Index]"><LayoutInput><AnchorLayoutInput Top="Parent,0"/></LayoutInput><Animations><Animation Animation="animation://me:Start.QuickLink.Move"/><Animation Animation="animation://me:Start.QuickLink.Size"/></Animations></me:QuickLinkContent></Children></Panel></Content></UI><UI Name="BaseQuickLinkContent"><Properties><shl:StartMenuQuickLink Name="Model" StartMenuQuickLink="$Required"/><shl:StartMenuCategory Name="StartMenuCategory" StartMenuCategory="$Required"/><EditableText Name="LocalMode" EditableText="$Required"/><EditableText Name="SizeMode" EditableText="$Required"/><cor:Boolean Name="UseFocusLayout" Boolean="false"/><Index Name="Index" Index="$Required"/><EditableText Name="QuickLinkMode" EditableText="$Required"/><cor:Single Name="ThumbAlpha" Single="1.0"/><Font Name="Font" FontName="global://comm:RegularFontFace" FontSize="16"/><Font Name="FocusFont" FontName="global://comm:RegularFontFace" FontSize="23"/><Color Name="NoFocusColor" Color="color://comm:OffWhite"/><Color Name="FocusColor" Color="color://comm:OffWhite"/><Inset Name="LabelMargins" Inset="0, 0, 10, 0"/><Inset Name="NoFocusLabelMargins" Inset="0, 0, 0, 0"/><draw:BaseImage Name="NoFocusImage" BaseImage="null"/><draw:BaseImage Name="FocusImage" BaseImage="null"/></Properties><Rules><Binding Target="[Label.Content]" Source="[Model.Description]"/><Condition Source="[SizeMode.Value]" SourceValue="pre"><Actions><Invoke Target="[Root.AttachAnimation]" animation="animation://me:Start.QuickLink.Move.Pre" ExclusiveApply="false"/><Invoke Target="[Root.AttachAnimation]" animation="animation://me:Start.QuickLink.Size.Pre" ExclusiveApply="false"/><Invoke Target="[Label.AttachAnimation]" animation="animation://me:Start.QuickLink.Move.Pre" ExclusiveApply="false"/><Invoke Target="[Label.AttachAnimation]" animation="animation://me:Start.QuickLink.Size.Pre" ExclusiveApply="false"/></Actions></Condition><Condition Source="[SizeMode.Value]" SourceValue="post"><Actions><Invoke Target="[Root.AttachAnimation]" animation="animation://me:Start.QuickLink.Move.Post" ExclusiveApply="false"/><Invoke Target="[Root.AttachAnimation]" animation="animation://me:Start.QuickLink.Size.Post" ExclusiveApply="false"/><Invoke Target="[Label.AttachAnimation]" animation="animation://me:Start.QuickLink.Move.Post" ExclusiveApply="false"/><Invoke Target="[Label.AttachAnimation]" animation="animation://me:Start.QuickLink.Size.Post"/></Actions></Condition><Rule><Conditions><Equality Source="[QuickLinkMode.Value]" Value="Press"/><Equality Source="[Index.Value]" Value="[StartMenuCategory.SelectedQuickLinkIndex.Value]"/></Conditions><Actions><PlayAnimation Target="[Thumb]" Animation="animation://me:Start.Selector.Press"/></Actions></Rule><Rule ConditionLogicalOp="Or"><Conditions><Equality Source="[QuickLinkMode.Value]" Value="Release"/><Equality Source="[QuickLinkMode.Value]" Value="Select"/></Conditions><Actions><PlayAnimation Target="[Thumb]" Animation="animation://me:Start.Selector.Release"/></Actions></Rule></Rules><Content><Panel Name="Root"><Layout><AnchorLayout SizeToHorizontalChildren="false" SizeToVerticalChildren="false"/></Layout><Children><Text Name="Label" MaximumLines="2" Color="[NoFocusColor]" Font="[Font]" Margins="[NoFocusLabelMargins]"/><Graphic Name="Thumb" MaintainAspectRatio="true"/></Children></Panel></Content></UI><UI Name="QuickLinkContent" BaseUI="me:BaseQuickLinkContent"><Properties><Inset Name="ThumbMargins" Inset="4, 36, 4, 96"/><Inset Name="NoFocusThumbMargins" Inset="0, 60, 0, 28"/><Size Name="FocusMaximumSize" Width="258" Height="145"/><Size Name="NoFocusMaximumSize" Width="160" Height="89"/><cor:Single Name="NoFocusAlpha" Single="0.5"/><cor:Single Name="FocusAlpha" Single="1.0"/><AnchorLayoutInput Name="LabelFocusLayoutInput" Horizontal="Far" Top="Parent,1,-90" Bottom="Parent, 1, 20" ContributesToHeight="false"/><AnchorLayoutInput Name="AttributionLayoutInput" Bottom="Parent,1,-102" Right="Parent,1,-8"/><cor:Boolean Name="MaintainAspectRatio" Boolean="false"/></Properties><Rules><Rule><Conditions><IsType Source="[Model]" Type="shl:IThumbnailCommand"/><IsValid Source="[Model!shl:IThumbnailCommand.Image]"/><IsType Source="[Model]" Type="shl:IAttributable"/><IsValid Source="[Model!shl:IAttributable.AttributionImage]"/><Equality Source="[Model!shl:IAttributable.AllowAttribution]" Value="true" /></Conditions><Actions><Set Target="[NoFocusImage]" Value="[Model!shl:IThumbnailCommand.Image.DefaultImage]"/><Set Target="[FocusImage]" Value="[Model!shl:IThumbnailCommand.Image.Values.#AttributedFocus!draw:BaseImage]"/></Actions></Rule><Rule><Conditions><IsType Source="[Model]" Type="shl:IThumbnailCommand"/><IsValid Source="[Model!shl:IThumbnailCommand.Image]"/></Conditions><Actions><Set Target="[NoFocusImage]" Value="[Model!shl:IThumbnailCommand.Image.DefaultImage]"/><Set Target="[FocusImage]" Value="[Model!shl:IThumbnailCommand.Image.Values.#Focus!draw:BaseImage]"/></Actions></Rule><Condition Source="[SizeMode.Value]" SourceValue="pre"><Actions><Invoke Target="[Thumb.AttachAnimation]" animation="animation://me:Start.QuickLink.Move.Pre" ExclusiveApply="false"/><Invoke Target="[Thumb.AttachAnimation]" animation="animation://me:Start.QuickLink.Size.Pre" ExclusiveApply="false"/></Actions></Condition><Condition Source="[SizeMode.Value]" SourceValue="post"><Actions><Invoke Target="[Thumb.AttachAnimation]" animation="animation://me:Start.QuickLink.Move.Post" ExclusiveApply="false"/><Invoke Target="[Thumb.AttachAnimation]" animation="animation://me:Start.QuickLink.Size.Post"/></Actions></Condition><Condition Source="[UseFocusLayout]" SourceValue="true"><Actions><Set Target="[Label.LayoutInput]" Value="[LabelFocusLayoutInput]"/><Set Target="[Thumb.Margins]" Value="[ThumbMargins]"/><Set Target="[Thumb.MaximumSize]" Value="[FocusMaximumSize]"/><Set Target="[Label.Color]" Value="[FocusColor]"/><Set Target="[Label.Font]" Value="[FocusFont]"/><Set Target="[Label.Alpha]" Value="[FocusAlpha]"/><Set Target="[Label.Margins]" Value="[LabelMargins]"/><Set Target="[Label.FadeSize]" Value="0"/><Set Target="[Label.HorizontalAlignment]" Value="Far"/><Set Target="[Root.FarOffset]" Value="12"/></Actions></Condition><Rule><Conditions><Equality Source="[UseFocusLayout]" Value="true"/><IsValid Source="[FocusImage]"/></Conditions><Actions><Set Target="[Thumb.Image]" Value="[FocusImage]"/></Actions></Rule><Default Target="[Thumb.Image]" Value="[NoFocusImage]"/><Binding Target="[Thumb.Alpha]" Source="[ThumbAlpha]"/><Binding Target="[Label.WordWrap]" Source="[UseFocusLayout]"/><Rule><Conditions><IsType Source="[Model]" Type="shl:IAttributable"/><IsValid Source="[Model!shl:IAttributable.AttributionImage]"/><Equality Source="[Model!shl:IAttributable.AllowAttribution]" Value="true" /></Conditions><Actions><Set Target="[Attribution.Model]" Value="[Model!shl:IAttributable]"/></Actions></Rule><Rule><Conditions><IsType Source="[Model]" Type="shl:IAttributable"/><IsValid Source="[Model!shl:IAttributable.AttributionImage]"/><Equality Source="[Model!shl:IAttributable.AllowAttribution]" Value="true" /><Equality Source="[UseFocusLayout]" Value="true" /></Conditions><Actions><Set Target="[Attribution.Alpha]" Value="1.0" /></Actions></Rule><Default Target="[Attribution.Alpha]" Value="0" /></Rules><Content><Panel Layout="Anchor"><Children><Clip ShowNear="false" FadeAmount="1" FarOffset="2" Name="Root" FadeSize="12"><Layout><AnchorLayout SizeToHorizontalChildren="false" SizeToVerticalChildren="false"/></Layout><Children><me:Attribution Name="Attribution" LayoutInput="[AttributionLayoutInput]"/><Text Name="Label" MaximumLines="2" Color="[NoFocusColor]" Font="[Font]" Margins="[NoFocusLabelMargins]" Alpha="[NoFocusAlpha]" HorizontalAlignment="Near" FadeSize="12" ><LayoutInput><AnchorLayoutInput Horizontal="Center" Vertical="Far"/></LayoutInput></Text><Graphic Name="Thumb" MaintainAspectRatio="[MaintainAspectRatio]" Margins="[NoFocusThumbMargins]" MaximumSize="[NoFocusMaximumSize]"><LayoutInput><AnchorLayoutInput Horizontal="Center" Vertical="Near"/></LayoutInput></Graphic></Children></Clip></Children></Panel></Content></UI><UI Name="PartnerQuickLinkContent" BaseUI="me:QuickLinkContent"><Properties><cor:Boolean Name="MaintainAspectRatio" Boolean="true"/></Properties></UI><UI Name="Attribution"><Properties><shl:IAttributable Name="Model" IAttributable="null"/></Properties><Rules><Rule><Conditions><Modified Source="[Model]" InitialEvaluate="true" /><Equality Source="[Model]" ConditionOp="NotEquals" Value="null" /></Conditions><Actions><Set Target="[Logo.Content]" Value="[Model.AttributionImage]" /><Set Target="[Accessible.Value]" Value="[Model.AttributionDescription]"/><Set Target="[Accessible.Name]" Value="res://ehres!Acc_Name_StartMenuQuickLinkAttribution"/><Set Target="[Accessible.Role]" Value="Graphic"/></Actions></Rule></Rules><Content><Graphic Name="Logo" SizingPolicy="SizeToContent" MaintainAspectRatio="true" MaximumSize="64,40"/></Content></UI></Mcml>