<Mcml xmlns="http://schemas.microsoft.com/2006/mcml" xmlns:cor ="assembly://MsCorLib/System" xmlns:draw="assembly://Microsoft.MediaCenter.UI/Microsoft.MediaCenter.UI.Drawing" xmlns:comm="res://Microsoft.MediaCenter.Shell!Globals.mcml"><UI Name="RadioButton"><Properties><Choice Name="Model" Choice="$Required"/><cor:Object Name="Option" Object="$Required"/><Font Name="Font" Font="font://comm:ButtonText"/><Size Name="TileSize" Width="50" Height="50"/><Inset Name="LabelMargins" Inset="15, 5, 10, 5"/><cor:Boolean Name="ShowLabel" Boolean="true"/><draw:BaseImage Name="NoFocusImage" BaseImage="res://ehres!GlobalSettings.RadioButton.NoFocus.png"/><draw:BaseImage Name="FocusImage" BaseImage="res://ehres!GlobalSettings.RadioButton.Focus.png"/><draw:BaseImage Name="DisabledImage" BaseImage="res://ehres!GlobalSettings.RadioButton.Disabled.png"/><draw:BaseImage Name="CheckedNoFocusImage" BaseImage="res://ehres!GlobalSettings.RadioButton.Select.NoFocus.png"/><draw:BaseImage Name="CheckedFocusImage" BaseImage="res://ehres!GlobalSettings.RadioButton.Select.Focus.png"/><draw:BaseImage Name="CheckedDisabledImage" BaseImage="res://ehres!GlobalSettings.RadioButton.Select.Disabled.png"/><Color Name="NoFocusColor" Color="color://comm:LightBlue"/><Color Name="FocusColor" Color="color://comm:OffWhite"/><Color Name="DisabledColor" Color="color://comm:LightBlue40Percent"/></Properties><Locals><Command Name="Command"/><ClickHandler Name="Clicker"/></Locals><Rules><Condition Source="[Input.Enabled]" SourceValue="false" Target="[Label.Color]" Value="[DisabledColor]"/><Condition Source="[Input.KeyFocus]" SourceValue="true" Target="[Label.Color]" Value="[FocusColor]"/><Rule><Conditions><Equality Source="[Input.KeyFocus]" Value="false"/><Equality Source="[Input.Enabled]" Value="false"/><Equality Source="[Model.Chosen]" Value="[Option]"/></Conditions><Actions><Set Target="[Background.Image]" Value="[CheckedDisabledImage]"/></Actions></Rule><Rule><Conditions><Equality Source="[Input.KeyFocus]" Value="true"/><Equality Source="[Model.Chosen]" Value="[Option]"/></Conditions><Actions><Set Target="[Background.Image]" Value="[CheckedFocusImage]"/><Set Target="[Accessible.IsChecked]" Value="true"/></Actions></Rule><Rule><Conditions><Equality Source="[Input.KeyFocus]" Value="false"/><Equality Source="[Model.Chosen]" Value="[Option]"/></Conditions><Actions><Set Target="[Background.Image]" Value="[CheckedNoFocusImage]"/><Set Target="[Accessible.IsChecked]" Value="true"/></Actions></Rule><Condition Source="[Input.Enabled]" SourceValue="false" Target="[Background.Image]" Value="[DisabledImage]"/><Condition Source="[Input.KeyFocus]" SourceValue="true" Target="[Background.Image]" Value="[FocusImage]"/><Binding Source="[Input.KeyFocus]" Target="[Label.AllowMarquee]"/><Binding Source="[Input.KeyFocus]" Target="[FocusOverlay.Visible]"/><Binding Source="[Clicker.Clicking]" Target="[Highlight.Visible]"/><Binding Source="[Option]" Target="[Label.Content]"><Transformer><DescriptionTransformer/></Transformer></Binding><Changed Source="[Command.Invoked]"><Actions><Set Target="[Model.Chosen]" Value="[Option]"/></Actions></Changed><Changed Source="[Clicker.Invoked]"><Actions><PlaySound Sound="res://ehres!MiniSelect_a.wav" /></Actions></Changed><Condition Source="[Input.KeyFocus]" SourceValue="true"><Actions><PlaySound Sound="res://ehres!Focus_a.wav" /></Actions></Condition><Binding Target="[Accessible.IsPressed]" Source="[Clicker.Clicking]"/><Binding Target="[Accessible.IsFocusable]" Source="[Input.KeyInteractive]"/><Binding Target="[Accessible.IsFocused]" Source="[Input.KeyFocus]"/><Binding Target="[Accessible.Name]" Source="[Option.ToString]"/><Default Target="[Accessible.IsSelectable]" Value="true"/><Default Target="[Accessible.DefaultActionCommand]" Value="[Command]"/><Default Target="[Accessible.DefaultAction]" Value="res://ehres!Acc_DefaultAction_RadioButton"/><Default Target="[Accessible.Role]" Value="RadioButton"/><Default Target="[Accessible.IsChecked]" Value="false"/><Default Target="[Clicker.Command]" Value="[Command]"/></Rules><Content><Panel MouseInteractive="true"><Layout><FlowLayout Orientation="Horizontal" ItemAlignment="Center"/></Layout><Children><Panel Layout="Anchor"><Children><Clip Layout="Fill" FadeSize="10"><LayoutInput><AnchorLayoutInput Left="Background,0" Top="Background,0" Right="Background,1" Bottom="Background,1"/></LayoutInput><Children><Graphic Name="Highlight" Content="res://ehres!Common.Button.PressedHighlight.png" SizingPolicy="SizeToConstraint"><Animations><IAnimationProvider IAnimationProvider="global://comm:Button.PressedHighlight.Show"/><IAnimationProvider IAnimationProvider="global://comm:Button.PressedHighlight.Hide"/></Animations></Graphic></Children></Clip><Graphic Name="FocusOverlay" Content="res://ehres!GlobalSettings.RadioButton.FocusOverlay.png" SizingPolicy="SizeToConstraint"><LayoutInput><AnchorLayoutInput Left="Background,0" Top="Background,0" Right="Background,1" Bottom="Background,1"/></LayoutInput><Animations><Animation Animation="animation://comm:Button.FocusOverlay.Idle"/><Animation Animation="animation://comm:StandardFade.Hide"/></Animations></Graphic><Graphic Name="Background" Image="[NoFocusImage]" MaximumSize="[TileSize]" SizingPolicy="SizeToConstraint"/></Children></Panel><FancyText Name="Label" Color="[NoFocusColor]" Font="[Font]" Margins="[LabelMargins]" Visible="[ShowLabel]"/></Children></Panel></Content></UI></Mcml>