<Mcml xmlns="http://schemas.microsoft.com/2006/mcml" xmlns:cor ="assembly://MsCorLib/System" xmlns:draw="assembly://Microsoft.MediaCenter.UI/Microsoft.MediaCenter.UI.Drawing" xmlns:shell="assembly://Microsoft.MediaCenter.Shell/Microsoft.MediaCenter.Shell" xmlns:me ="Me"><Aggregate Source="res://Microsoft.MediaCenter.Shell!WaveformAnim.mcml"/><UI Name="PageBackground"><Properties><cor:String Name="AnimatedSource" String="@res://Microsoft.MediaCenter.Shell!PageBackground.mcml#AnimatedBackground"/><cor:String Name="StaticSource" String="@res://Microsoft.MediaCenter.Shell!PageBackground.mcml#StaticBackground"/><cor:String Name="AudioSource" String="@res://Microsoft.MediaCenter.Shell!PageBackground.mcml#AudioPageBackground"/><cor:String Name="VideoSource" String="@res://Microsoft.MediaCenter.Shell!PageBackground.mcml#VideoPageBackgroundWithOptionalMask"/><cor:String Name="HeavyMaskedVideoSource" String="@res://Microsoft.MediaCenter.Shell!PageBackground.mcml#HeavyMaskedVideoPageBackground"/><cor:String Name="LightMaskedVideoSource" String="@res://Microsoft.MediaCenter.Shell!PageBackground.mcml#LightMaskedVideoPageBackground"/><cor:String Name="CustomMaskedVideoSource" String="@res://Microsoft.MediaCenter.Shell!PageBackground.mcml#CustomMaskedVideoPageBackground"/><cor:String Name="ColorSource" String="@res://Microsoft.MediaCenter.Shell!PageBackground.mcml#ColorBackground"/><cor:String Name="ImageSource" String="@res://Microsoft.MediaCenter.Shell!PageBackground.mcml#ImageBackground"/><cor:String Name="NoneSource" String="@res://Microsoft.MediaCenter.Shell!PageBackground.mcml#NoneBackground"/><cor:String Name="AlbumArtSource" String="@res://ehres!AlbumArtBackground.xml#AlbumArtBackground"/></Properties><Locals><Environment Name="Environment"/><shell:ShellData Name="ShellData"/></Locals><Rules><Condition Source="[ShellData.BackgroundPageData.Mode]" SourceValue="None"><Actions><Set Target="[BackgroundContainer.Source]" Value="[NoneSource]"/><Set Target="[Accessible.Name]" Value="res://ehres!Acc_Name_NoPageBackground" /></Actions></Condition><Condition Source="[ShellData.BackgroundPageData.Mode]" SourceValue="Color"><Actions><Set Target="[BackgroundContainer.Source]" Value="[ColorSource]"/><Set Target="[Accessible.Name]" Value="res://ehres!Acc_Name_ColorPageBackground" /></Actions></Condition><Condition Source="[ShellData.BackgroundPageData.Mode]" SourceValue="Image"><Actions><Set Target="[BackgroundContainer.Source]" Value="[ImageSource]"/><Set Target="[Accessible.Name]" Value="res://ehres!Acc_Name_ImagePageBackground" /></Actions></Condition><Condition Source="[ShellData.BackgroundPageData.Mode]" SourceValue="Video"><Actions><Set Target="[BackgroundContainer.Source]" Value="[VideoSource]"/><Set Target="[Accessible.Name]" Value="res://ehres!Acc_Name_VideoPageBackground" /></Actions></Condition><Condition Source="[ShellData.BackgroundPageData.Mode]" SourceValue="HeavyMaskedVideo"><Actions><Set Target="[BackgroundContainer.Source]" Value="[HeavyMaskedVideoSource]"/><Set Target="[Accessible.Name]" Value="res://ehres!Acc_Name_VideoPageBackground" /></Actions></Condition><Condition Source="[ShellData.BackgroundPageData.Mode]" SourceValue="LightMaskedVideo"><Actions><Set Target="[BackgroundContainer.Source]" Value="[LightMaskedVideoSource]"/><Set Target="[Accessible.Name]" Value="res://ehres!Acc_Name_VideoPageBackground" /></Actions></Condition><Condition Source="[ShellData.BackgroundPageData.Mode]" SourceValue="CustomMaskedVideo"><Actions><Set Target="[BackgroundContainer.Source]" Value="[CustomMaskedVideoSource]"/><Set Target="[BackgroundContainer.MaskImage]" Value="[ShellData.BackgroundPageData.Image]" /><Set Target="[Accessible.Name]" Value="res://ehres!Acc_Name_VideoPageBackground" /></Actions></Condition><Condition Source="[ShellData.BackgroundPageData.Mode]" SourceValue="AudioAnimated"><Actions><Set Target="[BackgroundContainer.Source]" Value="[AudioSource]"/><Set Target="[Accessible.Name]" Value="res://ehres!Acc_Name_AudioPageBackground" /></Actions></Condition><Condition Source="[ShellData.BackgroundPageData.Mode]" SourceValue="AlbumArtMosaic"><Actions><Set Target="[BackgroundContainer.Source]" Value="[AlbumArtSource]"/><Set Target="[Accessible.Name]" Value="res://ehres!Acc_Name_AlbumArtBackground" /></Actions></Condition><Rule><Conditions><Equality Source="[Environment.RenderingDeviceType]" Value="Gdi"/><Equality Source="[ShellData.BackgroundPageData.Mode]" Value="StandardAnimated"/></Conditions><Actions><Set Target="[BackgroundContainer.Source]" Value="[StaticSource]"/></Actions></Rule><Rule ><Conditions><Equality Source="[Environment.ColorScheme]" ConditionOp="NotEquals" Value="Default"/><Equality Source="[ShellData.BackgroundPageData.Mode]" Value="StandardAnimated"/></Conditions><Actions><Set Target="[BackgroundContainer.Source]" Value="[StaticSource]"/></Actions></Rule><Condition Source="[ShellData.BackgroundPageData.Mode]" SourceValue="StandardImage"><Actions><Set Target="[BackgroundContainer.Source]" Value="[StaticSource]"/></Actions></Condition><Condition Source="[ShellData.BackgroundPageData.Mode]" SourceValue="StandardAnimated"><Actions><Set Target="[BackgroundContainer.Source]" Value="[AnimatedSource]"/></Actions></Condition><Condition Source="[Environment.RenderingDeviceType]" SourceValue="Gdi"><Actions><Invoke Target="[BackgroundContainer.DetachAnimation]" type="ContentChangeShow" ExclusiveApply="false" /><Invoke Target="[BackgroundContainer.DetachAnimation]" type="ContentChangeHide" ExclusiveApply="false" /></Actions></Condition><Default Target="[BackgroundContainer.Source]" Value="[StaticSource]"/><Default Target="[Accessible.Name]" Value="res://ehres!Acc_Name_PageBackground"/><Default Target="[Accessible.Role]" Value="Graphic"/></Rules><Content><Panel><Children><me:BackgroundContainer Name="BackgroundContainer" Layout="Fill"><Animations><Animation Type="ContentChangeShow"><Keyframes><AlphaKeyframe Time="0.0" Value="0.0" RelativeTo="Absolute"/><AlphaKeyframe Time="0.5" Value="1.0" RelativeTo="Absolute"/></Keyframes></Animation><Animation Type="ContentChangeHide"><Keyframes><AlphaKeyframe Time="0.0" Value="1.0" RelativeTo="Absolute"/><AlphaKeyframe Time="0.5" Value="0.0" RelativeTo="Absolute"/></Keyframes></Animation></Animations></me:BackgroundContainer></Children></Panel></Content></UI><UI Name="BackgroundContainer"><Properties><Image Name="MaskImage" Image="null"/></Properties><Locals><shell:ShellData Name="ShellData"/></Locals></UI><UI Name="VideoPageBackgroundWithOptionalMask" BaseUI="me:BackgroundContainer"><Locals><AnchorEdge Name="ActiveTop" Id="Parent" Percent="0"/><AnchorEdge Name="ActiveLeft" Id="Parent" Percent="0"/><AnchorEdge Name="ActiveBottom" Id="Parent" Percent="1"/><AnchorEdge Name="ActiveRight" Id="Parent" Percent="1"/></Locals><Rules><Binding Source="[MaskImage]" Target="[MaskOverlay.Content]"/><Binding Source="[ShellData.TopMarginPercent]" Target="[ActiveTop.Percent]"/><Binding Source="[ShellData.LeftMarginPercent]" Target="[ActiveLeft.Percent]"/><Binding Source="[ShellData.RightMarginPercent]" Target="[ActiveRight.Percent]"/><Binding Source="[ShellData.BottomMarginPercent]" Target="[ActiveBottom.Percent]"/></Rules><Content><Video Name="VideoContainer" Visible="true" Layout="Fill" IsFullWindow="true"><Layout><AnchorLayout SizeToHorizontalChildren="false" SizeToVerticalChildren="false" /></Layout><Children><Panel Name="ActivePanel"><LayoutInput><FormLayoutInput Top="[ActiveTop]" Left="[ActiveLeft]" Right="[ActiveRight]" Bottom="[ActiveBottom]"/></LayoutInput><Layout><AnchorLayout SizeToHorizontalChildren="false" SizeToVerticalChildren="false" /></Layout><Children><Graphic Name="MaskOverlay" Image="null" MaintainAspectRatio="false" VerticalAlignment="Fill" HorizontalAlignment="Fill"><LayoutInput><AnchorLayoutInput Left="Parent,0" Right="Parent,1" Top="Parent,0" Bottom="Parent,1"/></LayoutInput></Graphic></Children></Panel></Children></Video></Content></UI><UI Name="HeavyMaskedVideoPageBackground" BaseUI="me:VideoPageBackgroundWithOptionalMask"><Properties><Image Name="MaskImage" Image="res://ehres!HeavyMask.Overlay.png"/></Properties></UI><UI Name="LightMaskedVideoPageBackground" BaseUI="me:VideoPageBackgroundWithOptionalMask"><Properties><Image Name="MaskImage" Image="res://ehres!LightMask.Overlay.png"/></Properties></UI><UI Name="CustomMaskedVideoPageBackground" BaseUI="me:VideoPageBackgroundWithOptionalMask"><Properties><Image Name="MaskImage" Image="res://ehres!LightMask.Overlay.png"/></Properties><Rules><Binding Source="[ShellData.BackgroundPageData.Image]" Target="[MaskImage]" /></Rules></UI><UI Name="BackgroundBase" BaseUI="me:BackgroundContainer"><Properties><Image Name="Image" Image="$Required"/></Properties><Locals><shell:ShellData Name="ShellData"/></Locals><Content><Graphic Image="[Image]" Layout="Fill"/></Content></UI><UI Name="StaticBackground" BaseUI="me:BackgroundBase"><Properties><Image Name="Image" Image="res://ehres!Common.Background.png" Flippable="true"/></Properties></UI><UI Name="NoneBackground" BaseUI="me:BackgroundBase"><Content><ColorFill Name="BackgroundColor" Content="Black" Layout="Fill"/></Content></UI><UI Name="ColorBackground" BaseUI="me:BackgroundBase"><Rules><Binding Source="[ShellData.BackgroundPageData.Color]" Target="[BackgroundColor.Content]" /></Rules><Content><ColorFill Name="BackgroundColor" Layout="Fill"/></Content></UI><UI Name="ImageBackground" BaseUI="me:BackgroundBase"><Locals><shell:ShellData Name="ShellData"/><AnchorEdge Name="ActiveTop" Id="Parent" Percent="0"/><AnchorEdge Name="ActiveLeft" Id="Parent" Percent="0"/><AnchorEdge Name="ActiveBottom" Id="Parent" Percent="1"/><AnchorEdge Name="ActiveRight" Id="Parent" Percent="1"/></Locals><Rules><Binding Source="[ShellData.BackgroundPageData.Image]" Target="[BackgroundImage.Content]" /><Binding Source="[ShellData.TopMarginPercent]" Target="[ActiveTop.Percent]"/><Binding Source="[ShellData.LeftMarginPercent]" Target="[ActiveLeft.Percent]"/><Binding Source="[ShellData.RightMarginPercent]" Target="[ActiveRight.Percent]"/><Binding Source="[ShellData.BottomMarginPercent]" Target="[ActiveBottom.Percent]"/></Rules><Content><Panel><Layout><AnchorLayout SizeToHorizontalChildren="false" SizeToVerticalChildren="false" /></Layout><Children><Panel Name="ActivePanel"><LayoutInput><FormLayoutInput Top="[ActiveTop]" Left="[ActiveLeft]" Right="[ActiveRight]" Bottom="[ActiveBottom]"/></LayoutInput><Layout><AnchorLayout SizeToHorizontalChildren="false" SizeToVerticalChildren="false" /></Layout><Children><Graphic Name="BackgroundImage" MaintainAspectRatio="false" VerticalAlignment="Fill" HorizontalAlignment="Fill"><LayoutInput><AnchorLayoutInput Left="Parent,0" Right="Parent,1" Top="Parent,0" Bottom="Parent,1"/></LayoutInput></Graphic></Children></Panel></Children></Panel></Content></UI><UI Name="AnimatedBackground" BaseUI="me:BackgroundBase"><Properties><Image Name="Image" Image="res://ehres!Common.Animated.Background.png" Flippable="true"/><Image Name="Shard1Image" Source="res://ehres!Common.Background.Shard1.png" Flippable="true"/><Image Name="Layer1Image" Source="res://ehres!Common.Background.Layer1.png" Flippable="true"/><Image Name="Layer2Image" Source="res://ehres!Common.Background.Layer2.png" Flippable="true"/><Image Name="Layer3Image" Source="res://ehres!Common.Background.Layer3.png" Flippable="true"/></Properties><Content><Graphic Image="[Image]" Layout="Form"><Children><Panel><Layout><AnchorLayout SizeToHorizontalChildren="false" SizeToVerticalChildren="false"/></Layout><Children><Graphic Visible="true" Name="Shard1" Content="[Shard1Image]"><LayoutInput><AnchorLayoutInput Horizontal="Far" Vertical="Far"/></LayoutInput><Animations><Animation Animation="animation://me:Launch.Shard1"/></Animations></Graphic><Graphic Visible="true" Name="Layer3" Content="[Layer3Image]" MinimumSize="1366, 302"><LayoutInput><AnchorLayoutInput Right="Parent, 1" Bottom="Parent, 1"/></LayoutInput><Animations><Animation Animation="animation://me:Launch.Layer3"/></Animations></Graphic><Graphic Visible="true" Name="Layer2" Content="[Layer2Image]" MinimumSize="640, 678"><LayoutInput><AnchorLayoutInput Right="Parent, 1, -44" Bottom="Parent, 1, -28"/></LayoutInput><Animations><Animation Animation="animation://me:Launch.Layer2"/></Animations></Graphic><Graphic Visible="true" Name="Layer1" Content="[Layer1Image]" MinimumSize="445, 717"><LayoutInput><AnchorLayoutInput Right="Parent, 1" Bottom="Parent, 1, -3"/></LayoutInput><Animations><Animation Animation="animation://me:Launch.Layer1"/></Animations></Graphic></Children></Panel></Children></Graphic></Content></UI><UI Name="AudioPageBackground" BaseUI="me:BackgroundBase"><Properties><Image Name="Image" Image="res://ehres!Audio.NowPlaying.Background.png" Flippable="true"/><Inset Name="Margins" Inset="0,200,0,0"/></Properties><Locals><Environment Name="Environment"/></Locals><Rules><Rule><Conditions><Equality Source="[Environment.ColorScheme]" Value="Default"/><Equality Source="[Environment.Is2DAnimationExperience]" Value="false"/></Conditions><Actions><Set Target="[WaveformAnim.Visible]" Value="true"/></Actions></Rule><Rule><Conditions><Equality Source="[Environment.ColorScheme]" Value="Default"/><Equality Source="[Environment.Is2DAnimationExperience]" Value="true"/></Conditions><Actions><Set Target="[WaveformAnimGdi.Visible]" Value="true"/></Actions></Rule></Rules><Content><Panel Layout="Form"><Children><Host Layout="Center" Source="me:WaveformAnim" Margins="[Margins]" Name="WaveformAnim" Visible="false"/><Host Layout="Center" Source="me:WaveformAnimGdi" Margins="[Margins]" Name="WaveformAnimGdi" Visible="false"/><Graphic Image="[Image]" Layout="Fill"/></Children></Panel></Content></UI><Animation Name="Launch.Shard1" Type="Idle" Loop="-1" CenterPointPercent="0.5, 0.5, 1.0"><Keyframes><PositionKeyframe Time="0.0" Value="-750, -200, 0" RelativeTo="Final"/><PositionKeyframe Time="9.9" Value="-900, -200, 0" RelativeTo="Final"/><PositionKeyframe Time="10.0" Value="-275, -100, 0" RelativeTo="Final"/><PositionKeyframe Time="18.0" Value="-150, -100, 0" RelativeTo="Final"/><RotateKeyframe Time="0.0" Value="-24deg;0,0,1"/><RotateKeyframe Time="2.333" Value="-24deg;0,0,1"/><RotateKeyframe Time="9.4" Value="-30deg;0,0,1"/><RotateKeyframe Time="10.4" Value="5deg;0,0,1"/><RotateKeyframe Time="14.967" Value="20deg;0,0,1"/><RotateKeyframe Time="18.0" Value="20deg;0,0,1"/><ScaleKeyframe Time="0.0" Value="2.56, 2.56, 1.0" RelativeTo="Absolute"/><ScaleKeyframe Time="9.9" Value="2.56, 2.56, 1.0" RelativeTo="Absolute"/><ScaleKeyframe Time="10.0" Value="1.26, 1.26, 1.0" RelativeTo="Absolute"/><ScaleKeyframe Time="18.0" Value="1.26, 1.26, 1.0" RelativeTo="Absolute"/><AlphaKeyframe Time="0.000" Value="0.0" RelativeTo="Absolute"/><AlphaKeyframe Time="2.333" Value="0.0" RelativeTo="Absolute"/><AlphaKeyframe Time="4.033" Value="0.1" RelativeTo="Absolute"/><AlphaKeyframe Time="9.4" Value="0.0" RelativeTo="Absolute"/><AlphaKeyframe Time="10.4" Value="0.0" RelativeTo="Absolute"/><AlphaKeyframe Time="11.667" Value="0.1" RelativeTo="Absolute"/><AlphaKeyframe Time="14.967" Value="0.0" RelativeTo="Absolute"/><AlphaKeyframe Time="18.0" Value="0.0" RelativeTo="Absolute"/></Keyframes></Animation><Animation Name="Launch.Layer1" Type="Idle" Loop="-1"><Keyframes><AlphaKeyframe Time="0.0" Value="0.0" RelativeTo="Absolute"/><AlphaKeyframe Time="3.733" Value="0.0" RelativeTo="Absolute"/><AlphaKeyframe Time="4.967" Value="0.6" RelativeTo="Absolute"/><AlphaKeyframe Time="5.833" Value="0.6" RelativeTo="Absolute"/><AlphaKeyframe Time="9.2" Value="0.0" RelativeTo="Absolute"/><AlphaKeyframe Time="11.667" Value="0.5" RelativeTo="Absolute"/><AlphaKeyframe Time="14.2" Value="0.4" RelativeTo="Absolute"/><AlphaKeyframe Time="18.0" Value="0.0" RelativeTo="Absolute"/></Keyframes></Animation><Animation Name="Launch.Layer2" Type="Idle" Loop="-1"><Keyframes><AlphaKeyframe Time="0.0" Value="0.0" RelativeTo="Absolute"/><AlphaKeyframe Time="3.667" Value="0.6" RelativeTo="Absolute"/><AlphaKeyframe Time="7.5" Value="0.0" RelativeTo="Absolute"/><AlphaKeyframe Time="9.6" Value="0.1" RelativeTo="Absolute"/><AlphaKeyframe Time="12.4" Value="0.1" RelativeTo="Absolute"/><AlphaKeyframe Time="16.233" Value="0.0" RelativeTo="Absolute"/><AlphaKeyframe Time="18.0" Value="0.0" RelativeTo="Absolute"/></Keyframes></Animation><Animation Name="Launch.Layer3" Type="Idle" Loop="-1"><Keyframes><AlphaKeyframe Time="0.0" Value="0.8" RelativeTo="Absolute"/><AlphaKeyframe Time="4.567" Value="0.1" RelativeTo="Absolute"/><AlphaKeyframe Time="7.167" Value="0.2" RelativeTo="Absolute"/><AlphaKeyframe Time="16.1" Value="0.8" RelativeTo="Absolute"/><AlphaKeyframe Time="18.0" Value="0.8" RelativeTo="Absolute"/></Keyframes></Animation></Mcml>