<Mcml xmlns ="http://schemas.microsoft.com/2006/mcml" xmlns:cor ="assembly://MsCorLib/System" xmlns:comm="res://Microsoft.MediaCenter.Shell!Globals.mcml"><UI Name="StaticGraphic"><Properties><cor:String Name="AccessibilityName" String="null"/><cor:String Name="AccessibilityValue" String="null"/><AccessibleRole Name="AccessibilityRole" AccessibleRole="Graphic"/><Image Name="Content" Image="null"/><Image Name="AcquiringImage" Image="null"/><Image Name="ErrorImage" Image="null"/><cor:Boolean Name="MaintainAspectRatio" Boolean="false"/><SizingPolicy Name="SizingPolicy" SizingPolicy="SizeToContent" /><Size Name="MaximumSize"/><ItemAlignment Name="HorizontalAlignment" ItemAlignment="Fill" /><ItemAlignment Name="VerticalAlignment" ItemAlignment="Fill" /></Properties><Rules><Binding Target="[Accessible.Name]" Source="[AccessibilityName]"/><Binding Target="[Accessible.Value]" Source="[AccessibilityValue]"/><Default Target="[Accessible.Role]" Value="[AccessibilityRole]"/><Binding Source="[Content]" Target="[WrappedGraphic.Content]"/><Binding Source="[AcquiringImage]" Target="[WrappedGraphic.AcquiringImage]"/><Binding Source="[ErrorImage]" Target="[WrappedGraphic.ErrorImage]"/><Binding Source="[MaintainAspectRatio]" Target="[WrappedGraphic.MaintainAspectRatio]"/><Binding Source="[MaximumSize]" Target="[WrappedGraphic.MaximumSize]"/><Binding Source="[HorizontalAlignment]" Target="[WrappedGraphic.HorizontalAlignment]"/><Binding Source="[VerticalAlignment]" Target="[WrappedGraphic.VerticalAlignment]"/></Rules><Content><Graphic Name="WrappedGraphic" /></Content></UI></Mcml>