<Mcml xmlns="http://schemas.microsoft.com/2008/mcml" xmlns:cor ="assembly://MsCorLib/System" xmlns:shell="assembly://Microsoft.MediaCenter.Shell/Microsoft.MediaCenter.Shell" xmlns:comm="res://Microsoft.MediaCenter.Shell!Globals.mcml"><UI Name="Edit"><Properties><EditableText Name="Model" EditableText="$Required"/><cor:Boolean Name="PasswordMasked" Boolean="false" /><Font Name="Font" Font="font://comm:ButtonText"/><Font Name="LabelFont" Font="font://comm:ButtonText"/><Size Name="CaretSize" Size="25, 5"/><Size Name="ContentMinSize" Size="150, 32"/><Size Name="ContentMaxSize" Size="150, 32"/><Size Name="TextMinSize" Size="0, 30"/><Inset Name="ContentMargins" Inset="15, 7, 15, 7"/><Inset Name="LabelMargins" Inset="15, 5, 10, 5"/><Image Name="NoFocusImage" Image="res://ehres!Find.EditBox.NoFocus.png"/><Image Name="FocusImage" Image="res://ehres!Find.EditBox.png"/><Image Name="DisabledImage" Image="res://ehres!Find.EditBox.NoFocus.png"/><Color Name="NoFocusColor" Color="color://comm:LightBlue"/><Color Name="FocusColor" Color="color://comm:OffWhite"/><Color Name="DisabledColor" Color="color://comm:LightBlue40Percent"/><cor:String Name="AccessibilityName" String="null"/><cor:String Name="AccessibilityDesc" String="null"/><cor:Int32 Name="MaxLength" Int32="32000" /><cor:Boolean Name="UseTripleTap" Boolean="false" /><Command Name="ShowOsk" /><Command Name="HandleClick" /><Command Name="HandleDoubleClick" /><Command Name="ShowOskIfEALanguage" /><shell:EditInternalData Name="InternalData" /></Properties><Locals><TypingHandler Name="Typer"/><shell:RemoteKeyHandler Name="ShowOskKeyHandler" Command="[ShowOsk]" HandlerStage="Routed" Key="Enter"/><ClickHandler Name="ShowOskClickHandler" Command="[HandleClick]" HandlerStage="Direct" HandleEnterSpaceKeys="false"/><shell:DoubleClickHandler Name="ShowOskDoubleClickHandler" Command="[HandleDoubleClick]"/><shell:RemoteKeyHandler Name="RemoteKey0" Key="D0" HandlerStage="Routed"><Command><InvokeCommand Target="[InternalData.ShowOsk]" invokingChar="0"/></Command></shell:RemoteKeyHandler><shell:RemoteKeyHandler Name="RemoteKey1" Key="D1" HandlerStage="Routed"><Command><InvokeCommand Target="[InternalData.ShowOsk]" invokingChar="1"/></Command></shell:RemoteKeyHandler><shell:RemoteKeyHandler Name="RemoteKey2" Key="D2" HandlerStage="Routed"><Command><InvokeCommand Target="[InternalData.ShowOsk]" invokingChar="2"/></Command></shell:RemoteKeyHandler><shell:RemoteKeyHandler Name="RemoteKey3" Key="D3" HandlerStage="Routed"><Command><InvokeCommand Target="[InternalData.ShowOsk]" invokingChar="3"/></Command></shell:RemoteKeyHandler><shell:RemoteKeyHandler Name="RemoteKey4" Key="D4" HandlerStage="Routed"><Command><InvokeCommand Target="[InternalData.ShowOsk]" invokingChar="4"/></Command></shell:RemoteKeyHandler><shell:RemoteKeyHandler Name="RemoteKey5" Key="D5" HandlerStage="Routed"><Command><InvokeCommand Target="[InternalData.ShowOsk]" invokingChar="5"/></Command></shell:RemoteKeyHandler><shell:RemoteKeyHandler Name="RemoteKey6" Key="D6" HandlerStage="Routed"><Command><InvokeCommand Target="[InternalData.ShowOsk]" invokingChar="6"/></Command></shell:RemoteKeyHandler><shell:RemoteKeyHandler Name="RemoteKey7" Key="D7" HandlerStage="Routed"><Command><InvokeCommand Target="[InternalData.ShowOsk]" invokingChar="7"/></Command></shell:RemoteKeyHandler><shell:RemoteKeyHandler Name="RemoteKey8" Key="D8" HandlerStage="Routed"><Command><InvokeCommand Target="[InternalData.ShowOsk]" invokingChar="8"/></Command></shell:RemoteKeyHandler><shell:RemoteKeyHandler Name="RemoteKey9" Key="D9" HandlerStage="Routed"><Command><InvokeCommand Target="[InternalData.ShowOsk]" invokingChar="9"/></Command></shell:RemoteKeyHandler><shell:KeyboardAlphaNumericKeyHandler Name="AlphaNumericKeyHandler" Command="[ShowOskIfEALanguage]" OverrideModifier="true" HandlerStage="Routed" Key="Any"/></Locals><Rules><Binding Target="[Accessible.IsFocusable]" Source="[Input.KeyInteractive]"/><Binding Target="[Accessible.IsFocused]" Source="[Input.KeyFocus]"/><Binding Target="[Accessible.Value]" Source="[Typer.DisplayValue]"/><Default Target="[Accessible.Role]" Value="Text"/><Default Target="[Accessible.Name]" Value="[AccessibilityName]"/><Binding Target="[Accessible.Description]" Source="[AccessibilityDesc]"/><Condition Source="[UseTripleTap]" SourceValue="false" Target="[Typer.TypingPolicy]" Value="Default"/><Condition Source="[UseTripleTap]" SourceValue="true" Target="[Typer.TypingPolicy]" Value="TripleTap"/><Condition Source="[Input.Enabled]" SourceValue="false" Target="[Label.Color]" Value="[DisabledColor]"/><Condition Source="[Input.KeyFocus]" SourceValue="true" Target="[Label.Color]" Value="[FocusColor]"/><Condition Source="[Input.Enabled]" SourceValue="false" Target="[Background.Image]" Value="[DisabledImage]"/><Condition Source="[Input.KeyFocus]" SourceValue="true" Target="[Background.Image]" Value="[FocusImage]"/><Rule><Conditions><Equality Source="[Model.Overtype]" Value="false"/><Equality Source="[Input.KeyFocus]" Value="true"/></Conditions><Actions><Set Target="[Caret.Visible]" Value="true"/></Actions></Rule><Changed Source="[Input.KeyFocus]"><Conditions><Equality Source="[Input.KeyFocus]" Value="false"/></Conditions><Actions><Invoke Target="[Typer.Submit]" /></Actions></Changed><Binding Source="[Model.Overtype]" Target="[Overtype.Visible]"/><Binding Source="[Typer.DisplayValue]" Target="[Value.Content]"/><Binding Source="[Model.Description]" Target="[Label.Content]"/><Binding Target="[Typer.EditableText]" Source="[Model]"/><Binding Target="[Typer.PasswordMasked]" Source="[PasswordMasked]"/><Binding Target="[Typer.MaxLength]" Source="[MaxLength]" /><Binding Target ="[Model.Overtype]" Source ="[Input.DeepKeyFocus]"/><Binding Target="[InternalData.EditableText]" Source="[Model]" /><Binding Target="[InternalData.TypingHandler]" Source="[Typer]" /><Changed Source="[ShowOsk.Invoked]"><Actions><Invoke Target="[InternalData.ShowOsk]" /></Actions></Changed><Changed Source="[HandleClick.Invoked]"><Conditions><Equality Source="[ShowOskClickHandler.LastClickType]" Value="Touch"/></Conditions><Actions><Invoke Target="[InternalData.ShowOsk]" /></Actions></Changed><Changed Source="[HandleDoubleClick.Invoked]"><Conditions><Equality Source="[ShowOskDoubleClickHandler.LastClickType]" Value="LeftMouse"/></Conditions><Actions><Invoke Target="[InternalData.ShowOsk]" /></Actions></Changed><Changed Source="[ShowOskIfEALanguage.Invoked]"><Conditions><Equality Source="[InternalData.InputLanguageIsEALanguage]" Value="true"/><Equality Source="[InternalData.EditIsNumeric]" Value="false"/></Conditions><Actions><Invoke Target="[InternalData.ShowOsk]" /></Actions></Changed><Changed Source="[InternalData.OskClosed]"><Conditions><Equality Source="[InternalData.OskClosed]" Value="true"/></Conditions><Actions><Invoke Target="[Input.RequestKeyFocus]" /></Actions></Changed><Changed Source="[Input.KeyFocus]"><Conditions><Equality Source="[Input.KeyFocus]" Value="true"/></Conditions><Actions><Set Target="[InternalData.EditableText]" Value="[Model]"/><Set Target="[InternalData.TypingHandler]" Value="[Typer]"/></Actions></Changed></Rules><Content><Panel Layout="HorizontalFlow"><Children><FancyText Name="Label" Color="[NoFocusColor]" HorizontalAlignment="Near" Font="[LabelFont]" Margins="[LabelMargins]"/><Graphic Name="Background" Image="[NoFocusImage]" Padding="[ContentMargins]" SizingPolicy="SizeToChildren"><Children><Panel MinimumSize="[ContentMinSize]" MaximumSize="[ContentMaxSize]" ><Layout><FlowLayout Orientation="Horizontal" ItemAlignment="Far"/></Layout><Children><Panel MinimumSize="[TextMinSize]"><Layout><StageLayout/></Layout><Children><Text Name="Value" Color="color://comm:Black" HorizontalAlignment="Far" Font="[Font]"><LayoutInput><StageLayoutInput Stage="Primary"/></LayoutInput></Text><ColorFill Name="Overtype" Layout="LegacyFill" Content="255, 126, 185, 227"/></Children></Panel><Graphic Name="Caret" Visible="false" Image="res://ehres!Edit.Mirror.Caret.png" MaximumSize="[CaretSize]"><Animation>animation://comm:CaretBlink.Show</Animation><Animation>animation://comm:StandardFade.Hide</Animation></Graphic></Children></Panel></Children></Graphic></Children></Panel></Content></UI></Mcml>