<Mcml xmlns ="http://schemas.microsoft.com/2006/mcml" xmlns:cor ="assembly://MSCorLib/System" xmlns:comm ="res://Microsoft.MediaCenter.Shell!Globals.mcml" xmlns:shell ="assembly://Microsoft.MediaCenter.Shell/Microsoft.MediaCenter.Shell" xmlns:me ="Me"><UI Name="ToggleCommandButton" BaseUI="me:CommandButton"><Properties><cor:Boolean Name="EnableAlternate" Boolean="false" /><shell:ImageSet Name="AltImageSet" ImageSet="$Required" /><cor:String Name="AltAccessibilityName" String="null" /><cor:String Name="AltAccessibilityDesc" String="null" /></Properties><Locals><shell:ImageSet Name="SavedImageSet" ImageSet="[ImageSet]" /><cor:String Name="SavedAccessibilityName" String="[AccessibilityName]" /><cor:String Name="SavedAccessibilityDesc" String="[AccessibilityDesc]" /></Locals><Rules><Rule><Conditions><Equality Source="[EnableAlternate]" Value="true"/></Conditions><Actions><Set Target="[ImageSet]" Value="[AltImageSet]"/><Set Target="[AccessibilityName]" Value="[AltAccessibilityName]"/><Set Target="[AccessibilityDesc]" Value="[AltAccessibilityDesc]"/></Actions></Rule><Rule><Conditions><Equality Source="[EnableAlternate]" Value="false"/></Conditions><Actions><Set Target="[ImageSet]" Value="[SavedImageSet]"/><Set Target="[AccessibilityName]" Value="[SavedAccessibilityName]"/><Set Target="[AccessibilityDesc]" Value="[SavedAccessibilityDesc]"/></Actions></Rule></Rules></UI><UI Name="CommandButton" BaseUI="me:BaseToolBarButton"><Properties><CommandCode Name="CommandCode" CommandCode="None" /></Properties><Rules><Changed Source="[Command.Invoked]"><Actions><Invoke Target="[Model.FireCommand]" cc="[CommandCode]" /></Actions></Changed></Rules></UI><UI Name="BaseToolBarButton"><Properties><shell:ToolBarData Name="Model" ToolBarData="$Required" /><cor:Boolean Name="Available" Boolean="true" /><shell:ImageSet Name="ImageSet" ImageSet="$Required" /><Size Name="TileSize" Size="29,24" /><Inset Name="HitTestPadding" Inset="0,0,0,0" /><cor:String Name="AccessibilityName" String="null" /><cor:String Name="AccessibilityDesc" String="null" /><cor:Boolean Name="IsNavigatingCommand" Boolean="false"/><cor:String Name="Description" String="" /><Font Name="Font" Font="me:ToolBarText"/><Color Name="LabelColor" Color="color://comm:ToolbarOffWhite"/><cor:Boolean Name="AutoRepeat" Boolean="false"/></Properties><Locals><ClickHandler Name="Clicker"/><Command Name="Command" /><Timer Name="AutoRepeatTimer" Interval="500" AutoRepeat="true" Enabled="false"/><cor:Int32 Name="AutoRepeatInitialInterval" Int32="500"/><cor:Int32 Name="AutoRepeatInterval" Int32="50"/></Locals><Rules><Binding Target="[Accessible.IsUnavailable]" Source="[Command.Available]" ><Transformer><BooleanTransformer Inverse="true"/></Transformer></Binding><Binding Target="[Accessible.IsPressed]" Source="[Clicker.Clicking]"/><Binding Target="[Accessible.IsFocusable]" Source="[Input.KeyInteractive]"/><Binding Target="[Accessible.IsFocused]" Source="[Input.KeyFocus]"/><Binding Target="[Accessible.Description]" Source="[AccessibilityDesc]"/><Binding Target="[Accessible.Name]" Source="[AccessibilityName]"/><Binding Target="[Accessible.DefaultActionCommand]" Source="[Command]"/><Default Target="[Accessible.DefaultAction]" Value="res://ehres!Acc_DefaultAction_Button"/><Default Target="[Accessible.Role]" Value="PushButton"/><Rule><Conditions><Modified Source="[Clicker.Invoked]"/><Equality Source="[IsNavigatingCommand]" Value="true"/></Conditions><Actions><PlaySound Sound="res://ehres!Select_a.wav" /></Actions></Rule><Rule><Conditions><Modified Source="[Clicker.Invoked]"/><Equality Source="[IsNavigatingCommand]" Value="false"/></Conditions><Actions><PlaySound Sound="res://ehres!MiniSelect_a.wav" /></Actions></Rule><Rule><Conditions><Modified Source="[ImageSet]"/><Equality Source="[Command.Available]" Value="false"/><IsValid Source="[ImageSet.Values.#Disabled!Image]" /></Conditions><Actions><Set Target="[Icon.Image]" Value="[ImageSet.Values.#Disabled!Image]"/></Actions></Rule><Rule><Conditions><Equality Source="[Command.Available]" Value="false"/><IsValid Source="[ImageSet.Values.#Disabled!Image]" /></Conditions><Actions><Set Target="[Icon.Image]" Value="[ImageSet.Values.#Disabled!Image]"/></Actions></Rule><Rule><Conditions><Modified Source="[ImageSet]"/><Equality Source="[Clicker.Clicking]" Value="true"/><IsValid Source="[ImageSet.Values.#Pressed!Image]" /></Conditions><Actions><Set Target="[Icon.Image]" Value="[ImageSet.Values.#Pressed!Image]"/></Actions></Rule><Rule><Conditions><Equality Source="[Clicker.Clicking]" Value="true"/><IsValid Source="[ImageSet.Values.#Pressed!Image]" /></Conditions><Actions><Set Target="[Icon.Image]" Value="[ImageSet.Values.#Pressed!Image]"/></Actions></Rule><Changed Source="[Clicker.Clicking]"><Conditions><Equality Source="[Clicker.Clicking]" Value="true"/><Equality Source="[AutoRepeat]" Value="true"/><Equality Source="[AutoRepeatTimer.Enabled]" Value="false"/></Conditions><Actions><Invoke Target="[AutoRepeatTimer.Start]" InvokePolicy="AsynchronousLowPri"/></Actions></Changed><Changed Source="[AutoRepeatTimer.Tick]"><Conditions><Equality Source="[Clicker.Clicking]" Value="true"/></Conditions><Actions><Set Target="[AutoRepeatTimer.Interval]" Value="[AutoRepeatInterval]"/><Invoke Target="[Command.Invoke]" InvokePolicy="AsynchronousLowPri"/></Actions></Changed><Changed Source="[AutoRepeatTimer.Tick]"><Conditions><Equality Source="[Clicker.Clicking]" Value="false"/></Conditions><Actions><Invoke Target="[AutoRepeatTimer.Stop]" InvokePolicy="AsynchronousLowPri"/><Set Target="[AutoRepeatTimer.Interval]" Value="[AutoRepeatInitialInterval]"/></Actions></Changed><Rule><Conditions><Modified Source="[ImageSet]"/><Equality Source="[Input.MouseFocus]" Value="true"/><IsValid Source="[ImageSet.Values.#Focus!Image]" /></Conditions><Actions><Set Target="[Icon.Image]" Value="[ImageSet.Values.#Focus!Image]"/></Actions></Rule><Rule><Conditions><Equality Source="[Input.MouseFocus]" Value="true"/><IsValid Source="[ImageSet.Values.#Focus!Image]" /></Conditions><Actions><Set Target="[Icon.Image]" Value="[ImageSet.Values.#Focus!Image]"/></Actions></Rule><Rule><Conditions><Modified Source="[ImageSet]"/><Equality Source="[Input.MouseFocus]" Value="false"/><IsValid Source="[ImageSet.Values.#Default!Image]" /></Conditions><Actions><Set Target="[Icon.Image]" Value="[ImageSet.Values.#Default!Image]"/></Actions></Rule><Rule><Conditions><Equality Source="[Input.MouseFocus]" Value="false"/><IsValid Source="[ImageSet.Values.#Default!Image]" /></Conditions><Actions><Set Target="[Icon.Image]" Value="[ImageSet.Values.#Default!Image]"/></Actions></Rule><Default Target="[Input.KeyInteractive]" Value="false" /><Binding Source="[Command.Available]" Target="[Input.Enabled]"/><Binding Target="[Clicker.Command]" Source="[Command]"/><Binding Target="[Command.Available]" Source="[Available]"/></Rules><Content><Panel Padding="[HitTestPadding]" MouseInteractive="true"><Children><Graphic Name="Icon" MaintainAspectRatio="true" MinimumSize="[TileSize]"><Children><FancyText Name="Label" Font="[Font]" Color="[LabelColor]" Content="[Description]" Layout="Center"/></Children></Graphic></Children></Panel></Content></UI></Mcml>