<Mcml xmlns="http://schemas.microsoft.com/2008/mcml" xmlns:cor ="assembly://MsCorLib/System" xmlns:coll="assembly://MsCorLib/System.Collections" xmlns:shell="assembly://Microsoft.MediaCenter.Shell/Microsoft.MediaCenter.Shell" xmlns:util="assembly://Microsoft.MediaCenter.UI/Microsoft.MediaCenter.UI.Utility" xmlns:ctl="res://Microsoft.MediaCenter.Shell!Controls.mcml" xmlns:comm="res://Microsoft.MediaCenter.Shell!Globals.mcml" xmlns:base="res://Microsoft.MediaCenter.Shell!BrowseItemBase.mcml" xmlns:me="Me"><Aggregate Source="res://Microsoft.MediaCenter.Shell!BrowseAnimations.mcml"/><Image Name="Browse.GalleryItemShadow" Source="res://ehres!Browse.GalleryItemShadow.png" NineGrid="48, 34, 47, 61" Flippable="true"/><UI Name="GalleryItem" BaseUI="base:BrowseItemBase"><Properties><PropertySet Name="GroupProperties" PropertySet="$Required"/><Font Name="GalleryItemLabel" FontName="global://comm:RegularFontFace" FontSize="16"/><Font Name="GalleryItemOverlayLabel" FontName="global://comm:RegularFontFace" FontSize="16"/><Font Name="GalleryItemOverlayLabelFocus" FontName="global://comm:RegularFontFace" FontSize="16"/><Size Name="TileSize" Size="0, 0"/><Size Name="ThumbSize" Size="122, 122"/><Size Name="LabelTileSize" Size="0, 0"/><cor:Boolean Name="LabelWordWrap" Boolean="false"/><Image Name="NoThumbnailImage" Image="res://ehres!Browse.NoImage.png"/><Image Name="ThumbnailOverlayImage" Image="null"/><cor:Boolean Name="ShowLabel" Boolean="false"/><cor:Boolean Name="ShowOverlayLabel" Boolean="true"/><cor:Boolean Name="HasThumbnail" Boolean="false"/><Inset Name="ItemPadding" Inset="0, 0, 0, 0"/><cor:Boolean Name="ThumbAspectRatio" Boolean="false"/><SizingPolicy Name="ThumbSizeTo" SizingPolicy="SizeToConstraint"/><cor:Boolean Name="OverlayWordWrap" Boolean="true"/><cor:Boolean Name="OverlayLabelTransform" Boolean="true"/><cor:Int32 Name="ItemMetaDataTopOffset" Int32="0"/><cor:Int32 Name="ItemMetaDataLeftOffset" Int32="0"/><cor:Int32 Name="ItemGalleryContentOffset" Int32="0"/><Color Name="BGColor" Color="color://comm:GalleryItemFill" /><Color Name="LabelColor" Color="color://comm:LightBlue"/><Color Name="OverlayLabelColor" Color="color://comm:GalleryItemLabel"/><Color Name="BGColorFocus" Color="color://comm:GalleryItemFillFocus" /><Color Name="OverlayLabelColorFocus" Color="color://comm:GalleryItemLabelFocus"/><Vector3 Name="FocusScale" Vector3="1.26, 1.26, 1.0"/><cor:Single Name="NoFocusAlpha" Single="0.85"/><cor:String Name="OverlayContentTemplate" String="null"/><cor:String Name="UnderlayContentTemplate" String="null"/><cor:String Name="GroupLabelContentTemplate" String="null"/><cor:String Name="GroupLabelTemplate" String="null"/><cor:Boolean Name="IsOneRowGalleryItem" Boolean="false"/><AreaOfInterestLayoutInput Name="AreaOfInterest" Id="Focus"/><cor:Int32 Name="NumberOfRows" Int32="3"/><cor:Single Name="RippleDelay" Single="0.01"/><cor:Int32 Name="LabelRotation" Int32="90"/></Properties><Locals><IntRangedValue Name="GroupIndex" IntRangedValue="[GroupProperties.#GroupIndex!IntRangedValue]"/><IntRangedValue Name="GroupCount" IntRangedValue="[GroupProperties.#GroupCount!IntRangedValue]"/><cor:Boolean Name="UpdateIndex" Boolean="false"/><cor:Int32 Name="IndexOffset"/><MathTransformer Name="CalcOffset" Absolute="true"/><cor:Int32 Name="ModResult"/><MathTransformer Name="ModTransformer"/><AnchorLayoutInput Name="OverlayTextLayout" Vertical="Center" Left="Parent, 0, 5" Right="Parent, 1, -10"/><AnchorLayoutInput Name="ShadowLayout" Left="Parent, 0" Top="Parent, 0" Right="Parent, 1, 30" Bottom="Parent, 1, 40" ContributesToWidth="false" ContributesToHeight="false"/><FormatTransformer Name="OverlayLabelTransformer" ToUpper="true"/><Inset Name="TopThumbGainMarginShift" Inset="0, 10, 0, -10"/><Inset Name="BottomThumbGainMarginShift" Inset="0, -10, 0, 0"/><cor:Int32 Name="DelayTicks"/><MathTransformer Name="DelayMultiplier" Absolute="true"/><MathTransformer Name="Adder"/><TransformAnimation Name="TransitionAnimation" Source="animation://me:Browse.Gallery.Item.NavigateToForward"/><TransformByAttributeAnimation Name="UnselectedExit" Source="animation://me:Browse.Gallery.Item.NavigateAwayForward"><ValueTransformer><MathTransformer Absolute="true"/></ValueTransformer></TransformByAttributeAnimation><shell:ContextualUIDescription Name="ContextualUIDescription" Source="@res://Microsoft.MediaCenter.Shell!ContextMenu.mcml#GalleryItem.ContextualView"/></Locals><Rules><Condition Source="[Environment.IsWidescreen]" SourceValue="true"><Actions><Set Target="[RippleDelay]" Value="[RippleDelay]"><Transformer><MathTransformer Multiply="0.7"/></Transformer></Set></Actions></Condition><Binding Target="[UnderlayContentHost.ParentKeyFocus]" Source="[Input.KeyFocus]"/><Binding Target="[OverlayContentHost.ParentKeyFocus]" Source="[Input.KeyFocus]"/><Condition Source="[UnderlayContentTemplate]" ConditionOp="NotEquals" SourceValue="null"><Actions><Set Target="[UnderlayContentHost.Visible]" Value="true"/><Set Target="[UnderlayContentHost.Source]" Value="[UnderlayContentTemplate]"/></Actions></Condition><Condition Source="[OverlayContentTemplate]" ConditionOp="NotEquals" SourceValue="null"><Actions><Set Target="[OverlayContentHost.Visible]" Value="true"/><Set Target="[OverlayContentHost.Source]" Value="[OverlayContentTemplate]"/></Actions></Condition><Condition Source="[GroupLabelContentTemplate]" ConditionOp="NotEquals" SourceValue="null"><Actions><Set Target="[GroupLabelContentHost.Visible]" Value="true"/><Set Target="[GroupLabelContentHost.Source]" Value="[GroupLabelContentTemplate]"/></Actions></Condition><Binding Target="[Label.Content]" Source="[Model.Description]"><Conditions><IsValid Source="[Model]"/></Conditions></Binding><Binding Source="[Model.Selected]" Target="[GroupLabelContentHost.UseFocusLayout]"/><Rule><Conditions><IsValid Source="[Model]"/><Modified Source="[Model.Description]" InitialEvaluate="true"/></Conditions><Actions><Set Target="[OverlayLabel.Content]" Value="[Model.Description]" Transformer="[OverlayLabelTransformer]"/><Invoke Target="[ContextualUIDescription.SetPropertyValue]" name="Text" value="[Model.Description]" ExclusiveApply="false"/></Actions></Rule><Default Target="[IsOneRow.Value]" Value="[IsOneRowGalleryItem]"/><Default Target="[GalleryContentShift.Value]" Value="[ItemGalleryContentOffset]"/><Default Target="[MetaDataLeftShift.Value]" Value="[ItemMetaDataLeftOffset]"/><Default Target="[MetaDataTopShift.Value]" Value="[ItemMetaDataTopOffset]"/><Binding Source="[ShowOverlayLabel]" Target="[OverlayLabel.Visible]"/><Rule><Conditions><IsValid Source="[Model]" /><IsType Source="[Model]" Type="shell:IThumbnailCommand"/><IsValid Source="[Model!shell:IThumbnailCommand.Image.DefaultImage]"/></Conditions><Actions><Set Target="[HasThumbnail]" Value="true"/><Set Value="[Model!shell:IThumbnailCommand.Image.DefaultImage]" Target="[Thumb.Image]"/><Set Target="[ShowOverlayLabel]" Value="false"/><Invoke Target="[ContextualUIDescription.SetPropertyValue]" name="Image" value="[Model!shell:IThumbnailCommand.Image.DefaultImage]" ExclusiveApply="false" InvokePolicy="Synchronous"/></Actions></Rule><Default Target="[Thumb.Image]" Value="[NoThumbnailImage]"/><Default Target="[ThumbOverlay.Image]" Value="[ThumbnailOverlayImage]"><Conditions><IsValid Source="[ThumbnailOverlayImage]"/></Conditions><Actions><Set Target="[ThumbOverlay.Visible]" Value="true" /></Actions></Default><Default Target="[ThumbOverlay.Visible]" Value="false" /><Default Target="[Input.CreateInterestTarget]" Value="Tile"/><Rule><Conditions><Equality Source="[Input.KeyFocus]" Value="true"/></Conditions><Actions><Set Target="[OuterTileAndGroupLabel.Parent.Layer]" Value="0" ExclusiveApply="false" InvokePolicy="Synchronous" /><Set Target="[OuterTileAndGroupLabel.Parent.Layer]" Value="1" InvokePolicy="Synchronous" /></Actions></Rule><Condition Source="[IsFocused]" SourceValue="false"><Actions><Set Target="[OuterTileAndGroupLabel.Parent.Layer]" Value="1" ExclusiveApply="false" InvokePolicy="Synchronous"/><Set Target="[OuterTileAndGroupLabel.Parent.Layer]" Value="0"/></Actions></Condition><Rule><Conditions><Equality Source="[IsFocused]" Value="true"/><Equality Source="[FocusArea.Value]" Value="Gallery"/><Equality Source="[TransitionState.Value]" ConditionOp="NotEquals" Value="NavigatingToForward"/><Equality Source="[Environment.IsMouseActive]" Value="false"/><Equality Source="[Environment.Is2DAnimationExperience]" Value="false"/></Conditions><Actions><Invoke Target="[OuterTile.AttachAnimation]" animation="animation://me:Browse.Gallery.Item.Thumb.Move.GainFocus" InvokePolicy="Synchronous" ExclusiveApply="false"/><Invoke Target="[MousePanel.AttachAnimation]" animation="animation://me:Browse.Gallery.Item.Thumb.Scale.GainFocus" InvokePolicy="Synchronous"/><Invoke Target="[Thumb.AttachAnimation]" animation="animation://me:Browse.Gallery.Item.Thumb.Alpha.GainFocus" InvokePolicy="Synchronous"/></Actions></Rule><Rule><Conditions><Equality Source="[IsFocused]" Value="true"/><Equality Source="[FocusArea.Value]" Value="Gallery"/><Equality Source="[TransitionState.Value]" ConditionOp="NotEquals" Value="NavigatingToForward"/><Equality Source="[Environment.IsMouseActive]" Value="false"/><Equality Source="[Environment.Is2DAnimationExperience]" Value="true"/></Conditions><Actions><Invoke Target="[OuterTile.AttachAnimation]" animation="animation://me:Browse.Gallery.Item.Thumb.Move.GainFocus.GDI" InvokePolicy="Synchronous" ExclusiveApply="false"/><Invoke Target="[MousePanel.AttachAnimation]" animation="animation://me:Browse.Gallery.Item.Thumb.Scale.GainFocus.GDI" InvokePolicy="Synchronous"/><Invoke Target="[Thumb.AttachAnimation]" animation="animation://me:Browse.Gallery.Item.Thumb.Alpha.GainFocus.GDI" InvokePolicy="Synchronous"/></Actions></Rule><Rule><Conditions><Equality Source="[IsFocused]" Value="true"/><Equality Source="[FocusArea.Value]" Value="Gallery"/><Equality Source="[TransitionState.Value]" ConditionOp="NotEquals" Value="NavigatingToForward"/><Equality Source="[Environment.IsMouseActive]" Value="true"/></Conditions><Actions><Invoke Target="[OuterTile.AttachAnimation]" animation="animation://me:Browse.Gallery.Item.Thumb.Move.Mouse" InvokePolicy="Synchronous" ExclusiveApply="false"/><Invoke Target="[MousePanel.AttachAnimation]" animation="animation://me:Browse.Gallery.Item.Thumb.Scale.Mouse" InvokePolicy="Synchronous"/><Invoke Target="[Thumb.AttachAnimation]" animation="animation://me:Browse.Gallery.Item.Thumb.Alpha.Mouse" InvokePolicy="Synchronous"/></Actions></Rule><Rule><Conditions><Equality Source="[IsFocused]" Value="true"/><Equality Source="[TransitionState.Value]" ConditionOp="NotEquals" Value="NavigatingToForward"/></Conditions><Actions><Set Target="[MousePanel.Scale]" Value="[FocusScale]"/><Set Target="[Thumb.Alpha]" Value="[FocusAlpha]"/><Set Target="[OverlayLabel.Font]" Value="[GalleryItemOverlayLabelFocus]"/><Set Target="[OverlayLabel.Color]" Value="[OverlayLabelColorFocus]"/><Set Target="[ItemBGColor.Content]" Value="[BGColorFocus]"/><Set Target="[Shadow.Visible]" Value="true"/></Actions></Rule><Rule><Conditions><Equality Source="[IsFocused]" Value="false"/><Equality Source="[Environment.Is2DAnimationExperience]" Value="false"/></Conditions><Actions><Invoke Target="[OuterTile.AttachAnimation]" animation="animation://me:Browse.Gallery.Item.Thumb.Move.LoseFocus" InvokePolicy="Synchronous" ExclusiveApply="false"/><Invoke Target="[MousePanel.AttachAnimation]" animation="animation://me:Browse.Gallery.Item.Thumb.Scale.LoseFocus" InvokePolicy="Synchronous"/><Invoke Target="[Thumb.AttachAnimation]" animation="animation://me:Browse.Gallery.Item.Thumb.Alpha.LoseFocus" InvokePolicy="Synchronous"/><Set Target="[MousePanel.Scale]" Value="[NoFocusScale]"/><Set Target="[Thumb.Alpha]" Value="[NoFocusAlpha]"/></Actions></Rule><Rule><Conditions><Equality Source="[IsFocused]" Value="false"/><Equality Source="[Environment.Is2DAnimationExperience]" Value="true"/></Conditions><Actions><Invoke Target="[OuterTile.AttachAnimation]" animation="animation://me:Browse.Gallery.Item.Thumb.Move.LoseFocus.GDI" InvokePolicy="Synchronous" ExclusiveApply="false"/><Invoke Target="[MousePanel.AttachAnimation]" animation="animation://me:Browse.Gallery.Item.Thumb.Scale.LoseFocus.GDI" InvokePolicy="Synchronous"/><Invoke Target="[Thumb.AttachAnimation]" animation="animation://me:Browse.Gallery.Item.Thumb.Alpha.LoseFocus.GDI" InvokePolicy="Synchronous"/><Set Target="[MousePanel.Scale]" Value="[NoFocusScale]"/><Set Target="[Thumb.Alpha]" Value="[NoFocusAlpha]"/></Actions></Rule><Condition Source="[IsFocused]" SourceValue="true" Target="[Label.Visible]" Value="false"/><Rule><Conditions><Equality Source="[InListMaker]" Value="true"/><Equality Source="[NumberOfRows]" Value="3"/></Conditions><Actions><Set Target="[NumberOfRows]" Value="[NumberOfRows]"><Transformer><MathTransformer Subtract="1"/></Transformer></Set></Actions></Rule><Rule ConditionLogicalOp="Or"><Conditions><Equality Source="[Input.KeyFocus]" Value="true"/><Modified Source="[Index.SourceValue]"/></Conditions><Actions><Set Target="[ModTransformer.ModInt]" Value="[NumberOfRows]"/><Set Target="[ModResult]" Value="[Index.SourceValue]" Transformer="[ModTransformer]"/></Actions></Rule><Rule><Conditions><IsValid Source="[Model]"/><Modified Source="[Selected.Invoked]"/><Equality Source="[AllowSelectAnimation]" Value="true"/><Equality Source="[IsSelectable]" Value="true" /></Conditions><Actions><PlaySound Sound="res://ehres!Select_a.wav"/><Set Target="[Tile.Scale]" Value="1.0, 1.0, 1.0"/><Set Target="[ItemMode.Value]" Value="Release"/><Invoke Target="[Model!Command.Invoke]"/></Actions></Rule><Condition Source="[LocalMode.Value]" SourceValue="Press"><Actions><Set Target="[Tile.Scale]" Value="0.9, 0.9, 1.0"/><Set Target="[ItemMode.Value]" Value="[LocalMode.Value]"/></Actions></Condition><Condition Source="[LocalMode.Value]" SourceValue="Release"><Actions><Set Target="[Tile.Scale]" Value="1.0, 1.0, 1.0"/><Set Target="[ItemMode.Value]" Value="[LocalMode.Value]"/></Actions></Condition><Condition Source="[LocalMode.Value]" SourceValue="Select"><Actions><Set Target="[ItemMode.Value]" Value="[LocalMode.Value]"/><Invoke Target="[Tile.AttachAnimation]" animation="animation://me:Browse.Gallery.Item.Select.NavigateAwayForward"/><Invoke Target="[OuterTile.DetachAnimation]" type="Hide"/><Invoke Target="[Trigger.Invoke]" InvokePolicy="AsynchronousLowPri"/></Actions></Condition><Changed Source="[Trigger.Invoked]"><Conditions><IsValid Source="[Model]"/></Conditions><Actions><Invoke Target="[Model!Command.Invoke]" ResultTarget="[InvokeReturned]" invokePolicy="Synchronous" InvokePolicy="Synchronous"/></Actions></Changed><Rule ConditionLogicalOp="Or"><Conditions><Equality Source="[Input.KeyFocus]" Value="true"/><Equality Source="[LocalMode.Value]" Value="Select"/></Conditions><Actions><Invoke Target="[Tile.SetLayoutInput]" oNewValue="[AreaOfInterest]"/></Actions></Rule><Rule><Actions><Invoke Target="[Tile.SetLayoutInput]" idInput="[AreaOfInterest!ILayoutData.Data]" oNewValue="null"/></Actions></Rule><Rule><Conditions><Equality Source="[IsFocused]" Value="true"/><Equality Source="[FocusArea.Value]" Value="Gallery"/><Equality Source="[ModResult]" Value="0"/><Equality Source="[TransitionState.Value]" ConditionOp="NotEquals" Value="NavigatingToForward"/></Conditions><Actions><Set Target="[OuterTile.Margins]" Value="[TopThumbGainMarginShift]"/></Actions></Rule><Rule><Conditions><Equality Source="[IsFocused]" Value="true"/><Equality Source="[FocusArea.Value]" Value="Gallery"/><Equality Source="[NumberOfRows]" ConditionOp="GreaterThan" Value="1"/><Equality Source="[ModResult]" Value="[NumberOfRows]"><SourceTransformer><MathTransformer Add="1"/></SourceTransformer></Equality><Equality Source="[TransitionState.Value]" ConditionOp="NotEquals" Value="NavigatingToForward"/></Conditions><Actions><Set Target="[OuterTile.Margins]" Value="[BottomThumbGainMarginShift]"/></Actions></Rule><Rule ConditionLogicalOp="Or"><Conditions><Modified Source="[Index.Value]" InitialEvaluate="true"/><Modified Source="[GroupIndex.Value]"/><Modified Source="[SelectedIndex.Value]"/><Modified Source="[SelectedGroup.Value]"/></Conditions><Actions><Set Target="[UpdateIndex]" Value="true"/></Actions></Rule><Rule><Conditions><Equality Source="[UpdateIndex]" Value="true"/><Equality Source="[SelectedGroup.Value]" Value="[GroupIndex.Value]"/></Conditions><Actions><Set Target="[CalcOffset.AddInt]" Value="0"/><Set Target="[CalcOffset.SubtractInt]" Value="[SelectedIndex.Value]"/><Set Target="[IndexOffset]" Value="[Index.Value]" Transformer="[CalcOffset]"/><Set Target="[UpdateIndex]" Value="false"/></Actions></Rule><Rule><Conditions><Equality Source="[UpdateIndex]" Value="true"/><Equality Source="[SelectedGroup.Value]" ConditionOp="LessThan" Value="[GroupIndex.Value]"/></Conditions><Actions><Set Target="[CalcOffset.AddInt]" Value="0" ExclusiveApply="false"/><Set Target="[CalcOffset.SubtractInt]" Value="[GroupIndex.Value]" ExclusiveApply="false"/><Set Target="[IndexOffset]" Value="[SelectedGroup.Value]" Transformer="[CalcOffset]" ExclusiveApply="false"/><Set Target="[IndexOffset]" Value="[IndexOffset]" ExclusiveApply="false"><Transformer><MathTransformer Multiply="5"/></Transformer></Set><Set Target="[CalcOffset.AddInt]" Value="[Index.Value]"/><Set Target="[CalcOffset.SubtractInt]" Value="0"/><Set Target="[IndexOffset]" Value="[IndexOffset]" Transformer="[CalcOffset]"/><Set Target="[UpdateIndex]" Value="false"/></Actions></Rule><Rule><Conditions><Equality Source="[UpdateIndex]" Value="true"/><Equality Source="[SelectedGroup.Value]" ConditionOp="GreaterThan" Value="[GroupIndex.Value]"/></Conditions><Actions><Set Target="[CalcOffset.Add]" Value="1" ExclusiveApply="false"/><Set Target="[CalcOffset.SubtractInt]" Value="[SelectedGroup.Value]" ExclusiveApply="false"/><Set Target="[IndexOffset]" Value="[GroupIndex.Value]" Transformer="[CalcOffset]" ExclusiveApply="false"/><Set Target="[IndexOffset]" Value="[IndexOffset]" ExclusiveApply="false"><Transformer><MathTransformer Multiply="5"/></Transformer></Set><Set Target="[CalcOffset.AddInt]" Value="[GroupCount.Value]"/><Set Target="[CalcOffset.SubtractInt]" Value="[Index.Value]"/><Set Target="[IndexOffset]" Value="[IndexOffset]" Transformer="[CalcOffset]"/><Set Target="[UpdateIndex]" Value="false"/></Actions></Rule><Default Target="[Accessible.DefaultActionCommand]" Value="[Model]"/><Default Target="[Accessible.DefaultAction]" Value="res://ehres!Acc_DefaultAction_Button"/><Default Target="[Accessible.Role]" Value="ListItem"/><Rule><Actions><Invoke Target="[ContextualUIDescription.SetPropertyValue]" name="TextTransformer" value="[OverlayLabelTransformer]" ExclusiveApply="false"/><Invoke Target="[ContextualUIDescription.SetPropertyValue]" name="NoThumbnailImage" value="[NoThumbnailImage]" ExclusiveApply="false"/><Invoke Target="[ContextualUIDescription.SetPropertyValue]" name="BGColor" value="[BGColor]" ExclusiveApply="false"/><Invoke Target="[ContextualUIDescription.SetPropertyValue]" name="OverlayLabelColor" value="[OverlayLabelColor]" ExclusiveApply="false"/><Set Target="[ContextualUIDescription.TargetViewItem]" Value="[OuterTile]" /></Actions></Rule><Rule><Conditions><Equality Source="[TransitionState.Value]" Value="NavigatingToForward"/><Equality Source="[Environment.Is2DAnimationExperience]" Value="true"/></Conditions><Actions><Set Target="[TransitionAnimation.Source]" Value="animation://me:Browse.Gallery.Item.NavigateToForward.GDI"/></Actions></Rule><Rule><Conditions><Equality Source="[TransitionState.Value]" Value="NavigatingToForward"/><Equality Source="[Environment.Is2DAnimationExperience]" Value="false"/></Conditions><Actions><Set Target="[TransitionAnimation.Source]" Value="animation://me:Browse.Gallery.Item.NavigateToForward"/></Actions></Rule><Rule><Conditions><Equality Source="[TransitionState.Value]" Value="NavigatingToBackward"/><Equality Source="[Index.Value]" ConditionOp="NotEquals" Value="[SelectedIndex.Value]"/><Equality Source="[Environment.Is2DAnimationExperience]" Value="false"/></Conditions><Actions><Set Target="[TransitionAnimation.Source]" Value="animation://me:Browse.Gallery.Item.NavigateToBackward"/></Actions></Rule><Rule><Conditions><Equality Source="[TransitionState.Value]" Value="NavigatingToBackward"/><Equality Source="[Index.Value]" ConditionOp="NotEquals" Value="[SelectedIndex.Value]"/><Equality Source="[Environment.Is2DAnimationExperience]" Value="true"/></Conditions><Actions><Set Target="[TransitionAnimation.Source]" Value="animation://me:Browse.Gallery.Item.NavigateToBackward.GDI"/></Actions></Rule><Rule><Conditions><Equality Source="[TransitionState.Value]" Value="NavigatingToBackward"/><Equality Source="[Index.Value]" Value="[SelectedIndex.Value]"/><Equality Source="[Environment.Is2DAnimationExperience]" Value="false"/></Conditions><Actions><Set Target="[TransitionAnimation.Source]" Value="animation://me:Browse.Gallery.Item.Select.NavigateToBackward"/></Actions></Rule><Rule><Conditions><Equality Source="[TransitionState.Value]" Value="NavigatingToBackward"/><Equality Source="[Index.Value]" Value="[SelectedIndex.Value]"/><Equality Source="[Environment.Is2DAnimationExperience]" Value="true"/></Conditions><Actions><Set Target="[TransitionAnimation.Source]" Value="animation://me:Browse.Gallery.Item.Select.NavigateToBackward.GDI"/></Actions></Rule><Rule ConditionLogicalOp="Or"><Conditions><Equality Source="[TransitionState.Value]" Value="NavigatingToForward"/><Equality Source="[TransitionState.Value]" Value="NavigatingToBackward"/></Conditions><Actions><Set Target="[DelayMultiplier.Multiply]" Value="[RippleDelay]"/><Set Target="[TransitionAnimation.Delay]" Value="[IndexOffset]" Transformer="[DelayMultiplier]" ExclusiveApply="false"/><Set Target="[DelayTicks]" Value="[IndexOffset]" Transformer="[ModTransformer]" ExclusiveApply="false"/><Set Target="[Adder.AddInt]" Value="[Random.Next]"><Transformer><MathTransformer Mod="15"/></Transformer></Set><Set Target="[Adder.SubtractInt]" Value="7" ExclusiveApply="false"/><Set Target="[DelayTicks]" Value="[DelayTicks]" Transformer="[Adder]"/><Set Target="[Adder.SubtractInt]" Value="0"/><Set Target="[Adder.Add]" Value="[DelayTicks]"><Transformer><MathTransformer Multiply="0.02" Absolute="true" Type="Single"/></Transformer></Set><Set Target="[TransitionAnimation.Delay]" Value="[TransitionAnimation.Delay]" Transformer="[Adder]"/><Invoke Target="[OuterTile.AttachAnimation]" animation="[TransitionAnimation]" InvokePolicy="Synchronous" ExclusiveApply="false"/></Actions></Rule><Rule><Conditions><Equality Source="[TransitionState.Value]" Value="NavigatingAwayForward"/><IsValid Source="[SelectionPolicy]"/><IsValid Source="[Model]"/><Equality Source="[SelectionPolicy.CurrentSelection]" ConditionOp="NotEquals" Value="[Model!ISelectable]"/></Conditions><Actions><Set Target="[UnselectedExit.Override]" Value="[IndexOffset!cor:Single]"/><Set Target="[UnselectedExit.Delay]" Value="[RippleDelay]"/><Invoke Target="[OuterTile.AttachAnimation]" animation="[UnselectedExit]" ExclusiveApply="false"/></Actions></Rule><Rule><Conditions><Equality Source="[TransitionState.Value]" Value="NavigatingAwayBackward"/></Conditions><Actions><Set Target="[UnselectedExit.Override]" Value="[IndexOffset!cor:Single]"/><Set Target="[UnselectedExit.Delay]" Value="[RippleDelay]"/><Set Target="[UnselectedExit.Source]" Value="animation://me:Browse.Gallery.Item.NavigateAwayBackward"/><Invoke Target="[OuterTile.AttachAnimation]" animation="[UnselectedExit]" ExclusiveApply="false"/><Invoke Target="[Tile.DetachAnimation]" type="Hide"/></Actions></Rule><Rule><Actions><Invoke Target="[ContextualUIDescription.SetPropertyValue]" name="TextTransformer" value="[OverlayLabelTransformer]" ExclusiveApply="false"/><Invoke Target="[ContextualUIDescription.SetPropertyValue]" name="NoThumbnailImage" value="[NoThumbnailImage]" ExclusiveApply="false"/><Invoke Target="[ContextualUIDescription.SetPropertyValue]" name="BGColor" value="[BGColor]" ExclusiveApply="false"/><Invoke Target="[ContextualUIDescription.SetPropertyValue]" name="OverlayLabelColor" value="[OverlayLabelColor]" ExclusiveApply="false"/></Actions></Rule><Rule><Conditions><Equality Source="[Environment.Is2DAnimationExperience]" Value="false"/></Conditions><Actions><Invoke Target="[Shadow.AttachAnimation]" animation="animation://me:Browse.Gallery.Item.Shadow.Show" InvokePolicy="Synchronous" ExclusiveApply="false"/><Invoke Target="[Shadow.AttachAnimation]" animation="animation://me:Browse.Gallery.Item.Shadow.Hide" InvokePolicy="Synchronous" ExclusiveApply="false"/></Actions></Rule><Rule><Conditions><Equality Source="[Environment.Is2DAnimationExperience]" Value="true"/></Conditions><Actions><Invoke Target="[Shadow.AttachAnimation]" animation="animation://me:Browse.Gallery.Item.Shadow.Show.GDI" InvokePolicy="Synchronous" ExclusiveApply="false"/><Invoke Target="[Shadow.AttachAnimation]" animation="animation://me:Browse.Gallery.Item.Shadow.Hide.GDI" InvokePolicy="Synchronous" ExclusiveApply="false"/></Actions></Rule></Rules><Content><Panel Name="OuterTileAndGroupLabel" MinimumSize="[TileSize]" Margins="0, 0, 0, 0"><Layout><FlowLayout Orientation="Horizontal"/></Layout><Children><Panel Name="GroupLabelContainer" Padding="0, 0, 0, 0" MouseInteractive="false" ><Layout><RotateLayout AngleDegrees="[LabelRotation]" /></Layout><Children><me:BaseGalleryGroupLabelContent Name="GroupLabelContentHost" Model="[Model]" Visible="false" MinimumSize="30, 100"><LayoutInput><AnchorLayoutInput ContributesToHeight="false"/></LayoutInput></me:BaseGalleryGroupLabelContent></Children></Panel><Panel Name="OuterTile" MinimumSize="[TileSize]" Margins="0, 0, 0, 0"><Layout><FlowLayout Orientation="Vertical"/></Layout><Children><Panel Name="MousePanel" MouseInteractive="true" CenterPointPercent="0.5, 0.5, 0.0"><Children><Panel Name="Tile" Layout="Anchor" MaximumSize="[ThumbSize]" Scale="1.0, 1.0, 1.0"><Animations><Animation Animation="animation://me:Browse.Gallery.Item.Thumb.Scale"/></Animations><Children><me:BaseGalleryItemOverlayContent Name="OverlayContentHost" Model="[Model]" Visible="true" Source="null"><LayoutInput><AnchorLayoutInput Left="Parent, 0" Right="Parent, 1" Top="Parent, 0" Bottom="Parent, 1" ContributesToWidth="false" ContributesToHeight="false"/></LayoutInput></me:BaseGalleryItemOverlayContent><Panel Name="ThumbPanel" Layout="Anchor"><LayoutInput><AnchorLayoutInput Left="Parent, 0" Right="Parent, 1" Top="Parent, 0" Bottom="Parent, 1"/></LayoutInput><Children><FancyText Name="OverlayLabel" Font="[GalleryItemOverlayLabel]" Color="[OverlayLabelColor]" MaximumSize="[ThumbSize]" Visible="[ShowOverlayLabel]" WordWrap="[OverlayWordWrap]" LayoutInput="[OverlayTextLayout]" /><Graphic Name="Thumb" MaintainAspectRatio="[ThumbAspectRatio]" SizingPolicy="[ThumbSizeTo]"><LayoutInput><AnchorLayoutInput Left="Parent, 0" Right="Parent, 1" Top="Parent, 0"/></LayoutInput><Animations><Animation Type="ContentChangeHide"><Keyframes><AlphaKeyframe Time="0.0" Value="1" Interpolation="Log"/><AlphaKeyframe Time="0.6" Value="0" /></Keyframes></Animation><Animation Type="ContentChangeShow"><Keyframes><AlphaKeyframe Time="0.0" Value="0" Interpolation="Exp"/><AlphaKeyframe Time="0.7" Value="1" /></Keyframes></Animation></Animations><Children><Graphic Name="ThumbOverlay" Margins="0,0,0,0" Content="null"/></Children></Graphic><me:BaseGalleryItemOverlayContent Name="UnderlayContentHost" Model="[Model]" Visible="false" Source="null"><LayoutInput><AnchorLayoutInput Horizontal="Center" Vertical="Center" ContributesToWidth="false" ContributesToHeight="false"/></LayoutInput></me:BaseGalleryItemOverlayContent><ColorFill Name="ItemBGColor" Content="[BGColor]" Layout="LegacyFill"><LayoutInput><AnchorLayoutInput Top="Parent, 0" Left="Parent, 0" Bottom="Parent, 1" Right="Parent, 1"/></LayoutInput></ColorFill><Graphic Name="Shadow" Image="image://me:Browse.GalleryItemShadow" Visible="false" LayoutInput="[ShadowLayout]" ><Animations><Animation Animation="animation://me:Browse.Gallery.Item.Shadow.Show"/><Animation Animation="animation://me:Browse.Gallery.Item.Shadow.Hide"/></Animations></Graphic></Children></Panel></Children></Panel></Children></Panel><Panel Name="LabelPanel"><Children><Text Name="Label" Font="[GalleryItemLabel]" Color="[LabelColor]" Visible="[ShowLabel]" WordWrap="[LabelWordWrap]" MinimumSize="[LabelTileSize]" MaximumSize="[LabelTileSize]" Margins="0, 1, 0, 0"><Animations><Animation Animation="animation://me:Browse.Gallery.Item.Label.Show"/><Animation Animation="animation://me:Browse.Gallery.Item.Label.Hide"/></Animations></Text></Children></Panel></Children></Panel></Children></Panel></Content></UI><UI Name="BaseGalleryItemOverlayContent"><Properties><ICommand Name="Model" ICommand="$Required"/><cor:Boolean Name="ParentKeyFocus" Boolean="false"/></Properties></UI><UI Name="1RowGalleryItem" BaseUI="me:GalleryItem"><Properties><Size Name="TileSize" Size="0, 218"/><Size Name="ThumbSize" Size="152, 152"/><Size Name="LabelTileSize" Size="140, 60"/><cor:Boolean Name="ShowLabel" Boolean="true"/><cor:Boolean Name="LabelWordWrap" Boolean="true"/><cor:Int32 Name="NumberOfRows" Int32="1"/><cor:Single Name="RippleDelay" Single="0.04"/><cor:Int32 Name="ItemMetaDataTopOffset" Int32="-25"/><cor:Int32 Name="ItemGalleryContentOffset" Int32="40"/><cor:Boolean Name="IsOneRowGalleryItem" Boolean="true"/><Image Name="NoThumbnailImage" Image="res://ehres!Browse.NoImage1RowSqr.png"/></Properties><Locals><Inset Name="TopThumbGainMarginShift" Inset="0, 15, 0, -15" /></Locals></UI><UI Name="3RowGalleryItem" BaseUI="me:GalleryItem"><Properties><Size Name="ThumbSize" Size="122, 122"/><cor:Int32 Name="NumberOfRows" Int32="3"/><Image Name="NoThumbnailImage" Image="res://ehres!Browse.NoImage1RowSqr.png"/></Properties></UI><UI Name="5RowGalleryItem" BaseUI="me:GalleryItem"><Properties><Size Name="ThumbSize" Size="72, 72"/><Font Name="GalleryItemOverlayLabel" FontName="global://comm:MainFontFace" FontSize="12"/><Image Name="NoThumbnailImage" Image="res://ehres!Browse.NoImage5RowSqr.png"/><Image Name="ThumbnailOverlayImage" Image="null"/><cor:Int32 Name="NumberOfRows" Int32="5"/><cor:Single Name="RippleDelay" Single="0.004"/></Properties><Locals><Inset Name="TopThumbGainMarginShift" Inset="0, 5, 0, -5" /><Inset Name="BottomThumbGainMarginShift" Inset="0, -5, 0, 0" /><AnchorLayoutInput Name="ShadowLayout" Left="Parent, 0" Top="Parent, 0" Right="Parent, 1, 20" Bottom="Parent, 1, 20" ContributesToWidth="false" ContributesToHeight="false"/></Locals></UI><UI Name="1RowGalleryItem4x3" BaseUI="me:3RowGalleryItem4x3"><Properties><Size Name="TileSize" Size="0, 218"/><Size Name="ThumbSize" Size="203, 152"/><Size Name="LabelTileSize" Size="190, 60"/><cor:Boolean Name="ShowLabel" Boolean="true"/><cor:Boolean Name="LabelWordWrap" Boolean="true"/><cor:Int32 Name="ItemMetaDataTopOffset" Int32="-20"/><cor:Int32 Name="ItemGalleryContentOffset" Int32="40"/><cor:Int32 Name="NumberOfRows" Int32="1"/><cor:Single Name="RippleDelay" Single="0.04"/><cor:Boolean Name="IsOneRowGalleryItem" Boolean="true"/><Image Name="NoThumbnailImage" Image="res://ehres!Browse.NoImage1Row4x3.png"/></Properties><Locals><Inset Name="TopThumbGainMarginShift" Inset="0, 15, 0, -15" /></Locals><Rules><Rule><Conditions><Equality Source="[IsFolder]" ConditionOp="Equals" Value="true"/></Conditions><Actions><Set Target="[ShowOverlayLabel]" Value="true"/><Set Target="[OverlayLabel.Visible]" Value="true"/></Actions></Rule></Rules></UI><UI Name="TV1RowGalleryItem4x3" BaseUI="me:1RowGalleryItem4x3" /><UI Name="3RowGalleryItem4x3" BaseUI="me:GalleryItem"><Properties><Size Name="ThumbSize" Size="163, 122"/><Image Name="NoThumbnailImage" Image="res://ehres!Browse.NoImage3Row4x3.png"/><cor:Single Name="RippleDelay" Single="0.015"/><Font Name="GalleryFolderOverlayLabelFocus" FontName="global://comm:MainFontFace" FontSize="16"/></Properties><Locals><cor:Boolean Name="IsFolder" Boolean="false"/></Locals><Rules><Rule><Conditions><Equality Source="[IsFolder]" Value="true"/><Equality Source="[Input.KeyFocus]" Value="true"/></Conditions><Actions><Set Target="[ItemBGColor.Content]" Value="color://comm:GalleryFolderFillFocus"/><Set Target="[OverlayLabel.Color]" Value="color://comm:GalleryFolderLabelFocus"/><Set Target="[OverlayTextLayout.Bottom]" Value="Parent, 1, -12"/></Actions></Rule><Rule><Conditions><Equality Source="[IsFolder]" Value="true"/><Equality Source="[Input.KeyFocus]" Value="true"/><Equality Source="[HasThumbnail]" Value="true"/></Conditions><Actions><Set Target="[Thumb.Margins]" Value="8, 8, 8, 0"/></Actions></Rule><Rule><Conditions><Equality Source="[IsFolder]" Value="true"/></Conditions><Actions><Set Target="[GalleryItemOverlayLabelFocus]" Value="[GalleryFolderOverlayLabelFocus]"/><Set Target="[ItemBGColor.Content]" Value="color://comm:GalleryFolderFill"/><Set Target="[OverlayLabel.Color]" Value="color://comm:GalleryFolderLabel"/><Set Target="[Thumb.MaintainAspectRatio]" Value="true"/><Set Target="[OverlayLabel.WordWrap]" Value="false"/><Set Target="[OverlayLabel.Visible]" Value="true"/><Set Target="[OverlayLabelTransformer.ToUpper]" Value="false"/><Set Target="[OverlayTextLayout.Vertical]" Value="Far"/><Set Target="[OverlayTextLayout.Bottom]" Value="Parent, 1, -9"/></Actions></Rule><Rule><Conditions><Equality Source="[IsFolder]" Value="true"/><Equality Source="[HasThumbnail]" Value="true"/></Conditions><Actions><Set Target="[Thumb.SizingPolicy]" Value="SizeToContent"/><Set Target="[Thumb.Margins]" Value="8, 8, 8, 0"/><Set Target="[OverlayLabel.Margins]" Value="5, 0, 5, -2"/></Actions></Rule></Rules></UI><UI Name="5RowGalleryItem4x3" BaseUI="me:3RowGalleryItem4x3"><Properties><Size Name="ThumbSize" Size="96, 72"/><Font Name="GalleryItemOverlayLabel" FontName="global://comm:RegularFontFace" FontSize="11"/><Font Name="GalleryFolderOverlayLabelFocus" FontName="global://comm:MainFontFace" FontSize="11"/><Image Name="NoThumbnailImage" Image="res://ehres!Browse.NoImage5Row4x3.png"/><cor:Int32 Name="NumberOfRows" Int32="5"/><cor:Single Name="RippleDelay" Single="0.005"/></Properties><Locals><Inset Name="TopThumbGainMarginShift" Inset="0, 5, 0, -5" /><Inset Name="BottomThumbGainMarginShift" Inset="0, -5, 0, 0" /><AnchorLayoutInput Name="ShadowLayout" Left="Parent, 0" Top="Parent, 0" Right="Parent, 1, 20" Bottom="Parent, 1, 20" ContributesToWidth="false" ContributesToHeight="false"/></Locals><Rules><Rule><Conditions><Equality Source="[IsFolder]" Value="true"/><Equality Source="[Input.KeyFocus]" Value="true"/></Conditions><Actions><Set Target="[OverlayTextLayout.Bottom]" Value="Parent, 1, -3"/></Actions></Rule><Rule><Conditions><Equality Source="[IsFolder]" Value="true"/></Conditions><Actions><Set Target="[OverlayTextLayout.Bottom]" Value="Parent, 1, 0"/></Actions></Rule></Rules></UI><UI Name="1RowGalleryItemPoster" BaseUI="me:GalleryItem"><Properties><Size Name="ThumbSize" Size="183, 253"/><Size Name="TileSize" Size="0, 330"/><Size Name="LabelTileSize" Size="180, 60"/><cor:Boolean Name="ShowLabel" Boolean="true"/><cor:Boolean Name="LabelWordWrap" Boolean="true"/><Image Name="NoThumbnailImage" Image="res://ehres!Browse.NoImage1RowPoster.png"/><cor:Int32 Name="ItemMetaDataTopOffset" Int32="-15"/><cor:Int32 Name="ItemGalleryContentOffset" Int32="6"/><cor:Int32 Name="NumberOfRows" Int32="1"/><cor:Single Name="RippleDelay" Single="0.04"/><cor:Boolean Name="IsOneRowGalleryItem" Boolean="true"/></Properties><Locals><Inset Name="TopThumbGainMarginShift" Inset="0, 20, 0, -20" /></Locals></UI><UI Name="TV1RowGalleryItemPoster" BaseUI="me:GalleryItem"><Properties><Size Name="ThumbSize" Size="131, 184"/><Size Name="TileSize" Size="0, 220"/><Size Name="LabelTileSize" Size="130, 60"/><cor:Boolean Name="ShowLabel" Boolean="true"/><cor:Boolean Name="LabelWordWrap" Boolean="true"/><Image Name="NoThumbnailImage" Image="res://ehres!Browse.NoImage2RowPoster.png"/><cor:Int32 Name="ItemMetaDataTopOffset" Int32="-20"/><cor:Int32 Name="ItemGalleryContentOffset" Int32="40"/><cor:Int32 Name="NumberOfRows" Int32="1"/><cor:Single Name="RippleDelay" Single="0.04"/><cor:Boolean Name="IsOneRowGalleryItem" Boolean="true"/></Properties><Locals><Inset Name="TopThumbGainMarginShift" Inset="0, -15, 0, 15" /></Locals></UI><UI Name="2RowGalleryItemPoster" BaseUI="me:GalleryItem"><Properties><Size Name="ThumbSize" Size="131, 184"/><Image Name="NoThumbnailImage" Image="res://ehres!Browse.NoImage2RowPoster.png"/><cor:Int32 Name="NumberOfRows" Int32="2"/><cor:Single Name="RippleDelay" Single="0.015"/></Properties><Locals><Inset Name="TopThumbGainMarginShift" Inset="0, 16, 0, -16" /><Inset Name="BottomThumbGainMarginShift" Inset="0, -16, 0, 0" /></Locals></UI><UI Name="DiscItemOverlay" BaseUI="me:BaseGalleryItemOverlayContent"><Locals><Image Name="InsertedDisc" Image="res://ehres!Browse.InsertedCD.png"/><Image Name="InsertedDiscFocus" Image="res://ehres!Browse.InsertedCDFocus.png"/><AnchorLayoutInput Name="DiscLayout" Bottom="Parent, 1, 18" Right="Parent, 1, 15" /></Locals><Content><Panel><Layout><AnchorLayout SizeToHorizontalChildren="false" SizeToVerticalChildren="false" /></Layout><Children><Graphic Name="DiscImage" Image="[InsertedDisc]" MaintainAspectRatio="true" LayoutInput="[DiscLayout]" /></Children></Panel></Content></UI><UI Name="VideoItemOverlay" BaseUI="me:BaseGalleryItemOverlayContent"><Locals><Image Name="Video" Image="res://ehres!Browse.VideoItem.png"/><AnchorLayoutInput Name="VideoLayout" Bottom="Parent, 1" Right="Parent, 1" /></Locals><Content><Panel><Layout><AnchorLayout SizeToHorizontalChildren="false" SizeToVerticalChildren="false" /></Layout><Children><Graphic Name="VideoImage" Image="[Video]" Visible="false" MaintainAspectRatio="true" LayoutInput="[VideoLayout]"/></Children></Panel></Content></UI><UI Name="InsertMediaItemOverlay" BaseUI="me:BaseGalleryItemOverlayContent"><Locals><Image Name="InsertMedia" Image="res://ehres!Browse.InsertedMedia.png"/><Image Name="InsertMediaFocus" Image="res://ehres!Browse.InsertedMediaFocus.png"/><AnchorLayoutInput Name="InsertMediaLayout" Bottom="Parent, 1" Right="Parent, 1" /></Locals><Content><Panel><Layout><AnchorLayout SizeToHorizontalChildren="false" SizeToVerticalChildren="false" /></Layout><Children><Graphic Name="InsertMediaImage" Image="[InsertMedia]" MaintainAspectRatio="true" LayoutInput="[InsertMediaLayout]" /></Children></Panel></Content></UI><UI Name="CameraItemOverlay" BaseUI="me:BaseGalleryItemOverlayContent"><Locals><Image Name="Camera" Image="res://ehres!Browse.Camera.png"/><Image Name="CameraFocus" Image="res://ehres!Browse.CameraFocus.png"/><AnchorLayoutInput Name="CameraLayout" Bottom="Parent, 1" Right="Parent, 1" /></Locals><Content><Panel><Layout><AnchorLayout SizeToHorizontalChildren="false" SizeToVerticalChildren="false" /></Layout><Children><Graphic Name="CameraImage" Image="[Camera]" MaintainAspectRatio="true" LayoutInput="[CameraLayout]" /></Children></Panel></Content></UI><UI Name="BaseGalleryGroupLabelContent"><Properties><ICommand Name="Model" ICommand="$Required"/><cor:Boolean Name="ParentKeyFocus" Boolean="false"/><cor:Boolean Name="UseFocusLayout" Boolean="false"/></Properties></UI></Mcml>