<Mcml xmlns="http://schemas.microsoft.com/2006/mcml" xmlns:cor ="assembly://MsCorLib/System" xmlns:lib ="assembly://Microsoft.MediaCenter.UI/Microsoft.MediaCenter.Shell" xmlns:shell="assembly://Microsoft.MediaCenter.Shell/Microsoft.MediaCenter.Shell" xmlns:d="res://Microsoft.MediaCenter.Shell!Dialog.mcml" xmlns:ctl="res://Microsoft.MediaCenter.Shell!Controls.mcml" xmlns:comm="res://Microsoft.MediaCenter.Shell!Globals.mcml" xmlns:me="Me"><UI Name="ProgressDialogContent"><Properties><shell:ProgressDialogData Name="MenuData" ProgressDialogData="$Required"/><Size Name="HACK_ContentMaximumSize"/></Properties><Rules><Default Target="[Accessible.Name]" Value="[MenuData.Message]"/><Default Target="[Accessible.Role]" Value="StaticText"/><Binding Source="[HACK_ContentMaximumSize]" Target="[Message.MaximumSize]"/><Binding Source="[MenuData.ShowSubMessage2]" Target="[SubMessage2.Visible]"/><Binding Source="[MenuData.ShowSubMessage]" Target="[SubMessage.Visible]"/><Binding Source="[MenuData.ShowProgressBar]" Target="[Slider.Visible]"/><Binding Source="[MenuData.SubMessage2]" Target="[SubMessage2.Content]"/><Binding Source="[MenuData.SubMessage]" Target="[SubMessage.Content]"/><Binding Source="[MenuData.Message]" Target="[Message.Content]"/></Rules><Content><Panel Layout="LegacyVerticalFlow"><Children><FancyText Name="Message" Font="font://comm:DialogContent" Color="color://comm:OffWhite" WordWrap="true"/><me:ProgressBar Name="Slider" Data="[MenuData.RangedValue]"><Padding>0, 7, 0, 14</Padding></me:ProgressBar><FancyText Name="SubMessage" Font="font://comm:DialogContent" Color="color://comm:LightBlue" WordWrap="true" Margins="0,0,0,7"/><FancyText Name="SubMessage2" Font="font://comm:DialogContent" Color="color://comm:LightBlue" WordWrap="true" Margins="0,0,0,7"/></Children></Panel></Content></UI><UI Name="ProgressBar"><Properties><RangedValue Name="Data" RangedValue="$Required"/></Properties><Rules><Default Target="[Accessible.Name]" Value="res://ehres!FR_AutoSetup_Progress_Progress"/><Default Target="[Accessible.Role]" Value="ProgressBar"/><Binding Source="[Data.Value]" Target="[Label.Content]"><Transformer><FormatTransformer Format="res://ehres!FR_AutoSetup_Progress_ProgressFmt"/></Transformer></Binding><Binding Source="[Data.Value]" Target="[Accessible.Value]"><Transformer><FormatTransformer Format="res://ehres!FR_AutoSetup_Progress_ProgressFmt"/></Transformer></Binding><Rule><Conditions><Modified Source="[Data.Value]" InitialTransitionEvaluate="true"/></Conditions><Actions><Set Value="[Data]" Target="[OnBar.LayoutInput]"><Transformer><shell:SliderGraphInputTransformer Orientation="Horizontal"/></Transformer></Set></Actions></Rule><Binding Source="[Data]" Target="[OffBar.Layout]"><Transformer><shell:SliderGraphLayoutTransformer Orientation="Horizontal"/></Transformer></Binding></Rules><Content><Panel><Layout><LegacyHorizontalFlowLayout ItemAlignment="Center"/></Layout><Children><Graphic Name="OffBar" SizingPolicy="SizeToConstraint"><MaximumSize>400, 21</MaximumSize><Image>res://ehres!Overlays.Progress.Background.png</Image><Animation>animation://comm:StandardFade.Show</Animation><Animation>animation://comm:StandardFade.Hide</Animation><Padding>2,2,2,2</Padding><Children><Graphic Name="OnBar" SizingPolicy="SizeToConstraint"><Image>res://ehres!Overlays.Progress.Bar.png</Image><Animation>animation://comm:StandardLinearSize.Size</Animation><Animation>animation://comm:StandardLinearMove.Move</Animation><Animation>animation://comm:StandardFade.Show</Animation><Animation>animation://comm:StandardFade.Hide</Animation></Graphic></Children></Graphic><FancyText Name="Label"><Margins>12, 0, 0, 0</Margins><Font>font://comm:DialogContent</Font><Color>color://comm:LightBlue</Color></FancyText></Children></Panel></Content></UI><UI Name="ProgressDialogHost"><Properties><shell:ProgressDialogData Name="MenuData" ProgressDialogData="$Required"/></Properties><Content><Panel Layout="Dock" Padding="30, 34, 30, 34"><Children><d:Dialog Name="Container" MenuData="[MenuData]"><LayoutInput><DockLayoutInput Position="Bottom" Alignment="Far"/></LayoutInput></d:Dialog></Children></Panel></Content></UI></Mcml>