<Mcml xmlns="http://schemas.microsoft.com/2006/mcml" xmlns:cor ="assembly://MSCorLib/System" xmlns:comm="res://Microsoft.MediaCenter.Shell!Globals.mcml" xmlns:ctl ="res://Microsoft.MediaCenter.Shell!Controls.mcml" xmlns:button="res://Microsoft.MediaCenter.Shell!Button.mcml" xmlns:focus="res://Microsoft.MediaCenter.Shell!FocusAnimation.mcml" xmlns:draw ="assembly://Microsoft.MediaCenter.UI/Microsoft.MediaCenter.UI.Drawing" xmlns:shell="assembly://Microsoft.MediaCenter.Shell/Microsoft.MediaCenter.Shell" xmlns:anim="res://Microsoft.MediaCenter.Shell!EpgAnimations.mcml" xmlns:me="Me"><Image Name="Chevron" Source="res://ehres!Epg.Category.Chevron.png" Flippable="true"/><UI Name="GuideFilterButton"><Properties><Command Name="ButtonCommand" Command="$Required"/><cor:Boolean Name="Interactive" Boolean="true"/><cor:Boolean Name="ShowAnimation" Boolean="false"/><BooleanChoice Name="HasFocus"/><Color Name="NoFocusColor" Color="color://comm:LightBlue"/><Color Name="FocusColor" Color="color://comm:OffWhite"/><Font Name="Font" FontName="global://comm:RegularFontFace" FontSize="16"/><draw:BaseImage Name="PressedImage" BaseImage="res://ehres!Common.Button.PressedHighlight.png"/><Image Name="FocusOverlayImage" Image="res://ehres!Epg.Category.Focus.png" NineGrid="7,7,7,7"/><Image Name="BackgroundImage" Image="res://ehres!Epg.Cell.Background.Dark.png"/></Properties><Locals><ClickHandler Name="Clicker"/></Locals><Rules><Binding Target="[Accessible.IsUnavailable]" Source="[ButtonCommand.Available]" ><Transformer><BooleanTransformer Inverse="true"/></Transformer></Binding><Binding Target="[Accessible.IsPressed]" Source="[Clicker.Clicking]"/><Binding Target="[Accessible.IsFocusable]" Source="[Interactive]"/><Binding Target="[Accessible.IsFocused]" Source="[Input.KeyFocus]"/><Default Target="[Accessible.Name]" Value="[ButtonCommand.Description]"/><Default Target="[Accessible.DefaultActionCommand]" Value="[ButtonCommand]"/><Default Target="[Accessible.DefaultAction]" Value="res://ehres!Acc_DefaultAction_Button"/><Default Target="[Accessible.Role]" Value="PushButton"/><Binding Target="[Input.Enabled]" Source="[Interactive]"/><Binding Target="[HasFocus.Value]" Source="[Input.KeyFocus]"/><Binding Target="[Clicker.Command]" Source="[ButtonCommand]" /><Default Target="[Label.Content]" Value="[ButtonCommand.Description]"/><Binding Target="[FilterGlow.Visible]" Source="[ShowAnimation]"/><Binding Target="[FilterHighlight.Visible]" Source="[ShowAnimation]"/><Binding Target="[FilterLine.Visible]" Source="[ShowAnimation]"/><Rule><Conditions><Modified Source="[Clicker.Invoked]"/></Conditions><Actions><PlaySound Sound="res://ehres!Select_a.wav" /></Actions></Rule><Condition Source="[Input.Enabled]" SourceValue="false" Target="[Chevron.Rotation]" Value="180deg; 0,0,1"/><Condition Source="[Input.MouseFocus]" ConditionOp="ChangedTo" SourceValue="true"><Actions><PlaySound Sound="res://ehres!Focus_a.wav" /><Set Target="[FocusOverlay.Visible]" Value="true" /><Set Target="[Label.AllowMarquee]" Value="true" /><Set Target="[Label.Color]" Value="[FocusColor]"/></Actions></Condition><Condition Source="[Input.MouseFocus]" ConditionOp="ChangedTo" SourceValue="false"><Conditions><Equality Source="[Input.KeyFocus]" Value="true"/></Conditions><Actions><Set Target="[FocusOverlay.Visible]" Value="true" /><Set Target="[Label.AllowMarquee]" Value="true" /><Set Target="[Label.Color]" Value="[FocusColor]"/></Actions></Condition><Binding Source="[Clicker.Clicking]" Target="[Highlight.Visible]"/></Rules><Content><Panel Name="Base" Layout="Form"><Children><Panel><Layout><RotateLayout AngleDegrees="90"/></Layout><LayoutInput><FormLayoutInput ContributesToWidth="false" ContributesToHeight="false" Left="Parent,0" Top="Parent,0"/></LayoutInput><Children><Panel Name="LabelScalePanel" Layout="Dock"><Children><Graphic Name="Chevron" Content="image://me:Chevron" Margins="14,0,36,0" Rotation="270deg;0,0,1" CenterPointPercent=".5,.5,.5"><LayoutInput><DockLayoutInput Position="Left" Alignment="Center"/></LayoutInput></Graphic><Panel Name="LabelPanel" Layout="Anchor" Margins="0,8,0,0"><LayoutInput><DockLayoutInput Position="Left" Alignment="Center"/></LayoutInput><Children><FancyText Name="Label" Color="[NoFocusColor]" Font="[Font]" AllowMarquee="false"/></Children></Panel></Children></Panel><Clip FadeSize="20" Layout="LegacyFill"><Children><Graphic Name="Highlight" Image="[PressedImage]"><Animations><IAnimationProvider IAnimationProvider="global://anim:PressedHighlight.Show"/><IAnimationProvider IAnimationProvider="global://anim:PressedHighlight.Hide"/></Animations></Graphic></Children></Clip><Graphic Name="FocusOverlay" Layout="LegacyFill" Image="[FocusOverlayImage]" SizingPolicy="SizeToConstraint" CenterPointOffset="7,0,0" VerticalAlignment="Fill" HorizontalAlignment="Fill" Margins="0,0,-14,-14" Padding="1,1,1,1" Visible="false"><Children><focus:SelectorFocusLoop/></Children></Graphic><Graphic Name="FilterGlow" Content="res://ehres!Epg.Category.Glow.png" Visible="false"><Animations><Animation Loop="-1"><Keyframes><AlphaKeyframe Time="0.0" Value="0.0"/><AlphaKeyframe Time="1.0" Value="0.0"/><AlphaKeyframe Time="5.0" Value="1.0"/><AlphaKeyframe Time="9.0" Value="0.0"/><AlphaKeyframe Time="10.0" Value="0.0"/></Keyframes></Animation></Animations></Graphic><Graphic Name="FilterHighlight" Content="res://ehres!Epg.Category.Highlight.png" Visible="false" ><Animations><Animation Loop="-1" Intensity="Intensive" ><Keyframes><RotateKeyframe Time="0.0" Value="270deg;0,0,1"/><RotateKeyframe Time="10.0" Value="270deg;0,0,1"/><AlphaKeyframe Time="0.0" Value="0.0"/><AlphaKeyframe Time="1.0" Value="0.0"/><AlphaKeyframe Time="1.5" Value="1.0"/><AlphaKeyframe Time="2.0" Value="0.0"/><AlphaKeyframe Time="10.0" Value="0.0"/><PositionKeyframe Time="0.0" Value="-50,220,0"/><PositionKeyframe Time="1.0" Value="-50,220,0"/><PositionKeyframe Time="2.0" Value="-50,0,0"/><PositionKeyframe Time="10.0" Value="-50,0,0"/><ScaleKeyframe Time="0.0" Value="1,4,1"/><ScaleKeyframe Time="10.0" Value="1,4,1"/></Keyframes></Animation></Animations></Graphic><Graphic Name="FilterLine" Content="res://ehres!Epg.Category.Line.png" Visible="false" ><Animations><Animation Loop="-1" Intensity="Intensive"><Keyframes><RotateKeyframe Time="0.0" Value="90deg;0,0,1"/><RotateKeyframe Time="10.0" Value="90deg;0,0,1"/><AlphaKeyframe Time="0.0" Value="0.0"/><AlphaKeyframe Time="1.25" Value="0.0"/><AlphaKeyframe Time="1.5" Value="1.0"/><AlphaKeyframe Time="1.75" Value="0.0"/><AlphaKeyframe Time="10.0" Value="0.0"/><PositionKeyframe Time="0.0" Value="-47,250,0"/><PositionKeyframe Time="1.25" Value="-47,250,0"/><PositionKeyframe Time="1.75" Value="-47,350,0"/><PositionKeyframe Time="10.0" Value="-47,350,0"/><ScaleKeyframe Time="0.0" Value="1,3,1"/><ScaleKeyframe Time="10.0" Value="1,3,1"/></Keyframes></Animation></Animations></Graphic><Graphic Name="Background" Layout="LegacyFill" Image="[BackgroundImage]" SizingPolicy="SizeToConstraint" VerticalAlignment="Fill" HorizontalAlignment="Fill" /></Children></Panel></Children></Panel></Content></UI></Mcml>