<Mcml xmlns="http://schemas.microsoft.com/2008/mcml" xmlns:cor ="assembly://MsCorLib/System" xmlns:shl ="assembly://Microsoft.MediaCenter.Shell/Microsoft.MediaCenter.Shell" xmlns:comm="res://Microsoft.MediaCenter.Shell!Globals.mcml" xmlns:ctl ="res://Microsoft.MediaCenter.Shell!Controls.mcml" xmlns:me ="Me"><Aggregate Source="res://Microsoft.MediaCenter.Shell!StartMenu.mcml"/><Aggregate Source="res://Microsoft.MediaCenter.Shell!StartMenuAnimations.mcml"/><UI Name="StartMenuOverlay"><Properties><shl:StartMenu Name="Model" StartMenu="$Required"/><cor:Boolean Name="IsLaunch" Boolean="false"/><cor:String Name="LogoText" String="res://ehres!StartPage_ProductTitle"/><Font Name="LogoFont" FontName="global://comm:RegularFontFace" FontSize="20"/><AnchorLayoutInput Name="StartMenuViewLayout" Left="Parent, 0,228" Top="Parent,0,16" Bottom="Parent,1,-19"/><cor:Single Name="MenuNearOffset" Single="75"/><cor:Single Name="MenuFarOffset" Single="-5"/><cor:Single Name="MenuFadeSize" Single="75"/><cor:Single Name="MenuFadeAmount" Single="1"/><cor:Int32 Name="TopAutoScrollEdgeOffset" Int32="30"/><cor:Int32 Name="BottomAutoScrollEdgeOffset" Int32="24"/><cor:Int32 Name="LeftAutoScrollEdgeOffset" Int32="-158"/><cor:Int32 Name="RightAutoScrollEdgeOffset" Int32="-96"/><ScrollIntoViewDisposition Name="CategoryScrollDisposition" LockedPosition="0.75" LockedAlignment="0.5"/><ScrollIntoViewDisposition Name="QuickLinkScrollDisposition" LockedPosition="0.75" LockedAlignment="0.5"/><Image Name="SmallProductNameImage" Image="res://ehres!StartMenu.Logo.Text.Small.png"/><Image Name="SmallLogo" Image="res://ehres!StartMenu.Logo.Small.png"/></Properties><Locals><Environment Name="Environment"/><shl:ShellData Name="ShellData"/><BooleanChoice Name="Arriving" Value="false"/><BooleanChoice Name="IsOverlay" Value="false"/><BooleanChoice Name="LaunchFlag" Value="false"/><cor:Boolean Name="Launching" Boolean="true"/><EditableText Name="QuickLinkMode"/><cor:Single Name="MenuDelay" Single="0.0"/><cor:Single Name="LaunchAlpha" Single="1.0"/><Timer Name="LaunchTimer" AutoRepeat="false" Interval="0" Enabled="false"/><Timer Name="ClockTimer" AutoRepeat="false" Interval="9000" Enabled="false"/><Timer Name="LogoTimer" AutoRepeat="false" Interval="3000" Enabled="false"/><TransformAnimation Name="LogoAnimation" Source="animation://me:Start.Logo.Launch"/><TransformAnimation Name="BackgroundAnimation" Source="animation://me:Start.Background.Launch"/><TransformAnimation Name="OverlayAnimation" Source="global://me:Start.OverlayBackground.Show"/></Locals><Rules><Condition Source="[Model.PushBack]" SourceValue="true"><Actions><PlayAnimation Target="[SMpushbackHost]" Animation="animation://me:Start.Popup.Show"/></Actions></Condition><Condition Source="[Model.PushBack]" SourceValue="false"><Actions><PlayAnimation Target="[SMpushbackHost]" Animation="animation://me:Start.Popup.Hide"/></Actions></Condition><Rule ConditionLogicalOp="Or"><Conditions><Equality Source="[Environment.Is2DAnimationExperience]" Value="true"/><Equality Source="[Environment.RenderingDeviceType]" Value="Gdi"/></Conditions><Actions><Set Target="[LaunchAlpha]" Value="0"/></Actions></Rule><Rule><Conditions><Equality Source="[ShellData.BackgroundPageData.Mode]" Value="Video"/></Conditions><Actions><Set Target="[IsOverlay.Value]" Value="true" /><Set Target="[MenuDelay]" Value="0.0"/></Actions></Rule><Condition Source="[IsLaunch]" SourceValue="true"><Actions><Set Target="[LaunchFlag.Value]" Value="true"/><Invoke Target="[ClockTimer.Start]" InvokePolicy="AsynchronousLowPri"/></Actions></Condition><Rule><Conditions><Equality Source="[IsLaunch]" Value="true"/><Equality Source="[Environment.Is2DAnimationExperience]" Value="true"/></Conditions><Actions><Set Target="[MenuDelay]" Value="global://me:LaunchDelay.Standard"/></Actions></Rule><Rule><Conditions><Equality Source="[IsLaunch]" Value="true"/><Equality Source="[Environment.RenderingDeviceType]" Value="Gdi"/><Equality Source="[Environment.Is2DAnimationExperience]" Value="false"/></Conditions><Actions><Set Target="[MenuDelay]" Value="global://me:LaunchDelay.GDI"/></Actions></Rule><Rule><Conditions><Equality Source="[IsLaunch]" Value="true"/><Equality Source="[Environment.Is2DAnimationExperience]" Value="false"/></Conditions><Actions><Set Target="[MenuDelay]" Value="global://me:LaunchDelay.Full"/></Actions></Rule><Rule><Conditions><Equality Source="[IsLaunch]" Value="false"/></Conditions><Actions><Set Target="[LaunchFlag.Value]" Value="false"/><Set Target="[ProductName.Visible]" Value="false"/><Set Target="[ClockPanel.Visible]" Value="true"/><Set Target="[LogoAnimation.Source]" Value="animation://me:Start.Logo.Return"/></Actions></Rule><Rule><Conditions><Equality Source="[IsLaunch]" Value="false"/><Equality Source="[Environment.Is2DAnimationExperience]" Value="false"/></Conditions><Actions><Set Target="[MenuDelay]" Value="global://me:ReturnDelay"/></Actions></Rule><Rule><Conditions><Equality Source="[IsLaunch]" Value="false"/><Equality Source="[Environment.Is2DAnimationExperience]" Value="true"/></Conditions><Actions><Set Target="[MenuDelay]" Value="0"/></Actions></Rule><Changed Source="[MenuDelay]"><Actions><Set Target="[LaunchTimer.Interval]" Value="[MenuDelay]"><Transformer><MathTransformer Multiply="1000" Type="Int32"/></Transformer></Set><Set Target="[LaunchTimer.Enabled]" Value="true"/><Set Target="[Arriving.Value]" Value="true"/><Set Target="[Menu.MenuDelay]" Value="[MenuDelay]"/><Set Target="[LogoAnimation.Delay]" Value="[MenuDelay]"/><Set Target="[BackgroundAnimation.Delay]" Value="[MenuDelay]"/><Set Target="[OverlayAnimation.Delay]" Value="[MenuDelay]"/><Invoke Target="[Logo.AttachAnimation]" animation="[LogoAnimation]" InvokePolicy="Synchronous" ExclusiveApply="false"/><Invoke Target="[OEMLogo.AttachAnimation]" animation="[LogoAnimation]" InvokePolicy="Synchronous" ExclusiveApply="false"/></Actions></Changed><Changed Source="[LaunchTimer.Tick]"><Actions><Set Target="[Launching]" Value="false"/><Set Target="[SM.Alpha]" Value="1.0"/><Set Target="[Arriving.Value]" Value="false"/></Actions></Changed><Changed Source="[ClockTimer.Tick]"><Actions><PlayAnimation Target="[ProductName]" Animation="animation://me:Start.Logo.ProductName.Launch.Hide"/><Invoke Target="[ClockPanel.AttachAnimation]" animation="animation://me:Start.Clock.Launch" InvokePolicy="Synchronous"/><Set Target="[ClockPanel.Visible]" Value="true"/><Invoke Target="[LogoTimer.Start]" InvokePolicy="AsynchronousLowPri"/></Actions></Changed><Changed Source="[LogoTimer.Tick]"><Actions><Set Target="[ProductName.Visible]" Value="false"/></Actions></Changed><Condition Source="[QuickLinkMode.Value]" SourceValue="Select"><Actions><Invoke Target="[Logo.AttachAnimation]" animation="animation://me:Start.Logo.FadeAway" InvokePolicy="Synchronous"/><Invoke Target="[OEMLogo.AttachAnimation]" animation="animation://me:Start.Logo.FadeAway" InvokePolicy="Synchronous"/></Actions></Condition><Condition Source="[QuickLinkMode.Value]" SourceValue="Reset"><Actions><Invoke Target="[Logo.AttachAnimation]" animation="animation://me:Start.Logo.Hide" InvokePolicy="Synchronous"/><Invoke Target="[OEMLogo.AttachAnimation]" animation="animation://me:Start.Logo.Hide" InvokePolicy="Synchronous"/></Actions></Condition><Rule><Conditions><Equality Source="[Environment.IsMouseActive]" Value="false"/><Equality Source="[Launching]" Value="false"/></Conditions><Actions><Invoke Target="[Logo.AttachAnimation]" animation="animation://me:Start.Logo.Show" InvokePolicy="Synchronous" ExclusiveApply="false"/><Invoke Target="[OEMLogo.AttachAnimation]" animation="animation://me:Start.Logo.Show" InvokePolicy="Synchronous" ExclusiveApply="false"/><Invoke Target="[ClockPanel.DetachAnimation]" type="Show" InvokePolicy="Synchronous"/><Set Target="[Logo.Visible]" Value="true"/><Set Target="[OEMLogo.Visible]" Value="true"/></Actions></Rule><Rule><Conditions><Equality Source="[Environment.IsMouseActive]" Value="true"/><Equality Source="[Launching]" Value="false"/></Conditions><Actions><Set Target="[Logo.Visible]" Value="false"/><Set Target="[OEMLogo.Visible]" Value="false"/></Actions></Rule><Binding Target="[MediaOnly.Visible]" Source="[ShellData.IsMediaOnly]"/><Default Target="[Accessible.Value]" Value="home.xml"/><Default Target="[Accessible.Role]" Value="Pane"/><Default Target="[Accessible.UniqueId]" Value="{afc167da-68a5-4f71-8a47-5b7e7e1a1169}"/></Rules><Content><Panel Name="SM" Layout="Form" Alpha="0"><Children><Panel Name="SMpushbackHost" Layout="Form"><Children><Panel Name="Logo" Layout="Anchor" Margins="0, 28, 48, 0"><LayoutInput><FormLayoutInput Horizontal="Far" Vertical="Near"/></LayoutInput><Animations><Animation Animation="animation://me:Start.Logo.Hide"/></Animations><Children><me:ProductLogoUI Name="ProductLogo" Logo="[SmallLogo]"/><Graphic Name="ProductName" Image="[SmallProductNameImage]" Margins="0, -2, 0, 0"><LayoutInput><AnchorLayoutInput Right="ProductLogo, 0, -6" Vertical="Center" ContributesToHeight="false"/></LayoutInput></Graphic><Panel Name="ClockPanel" Layout="Anchor" Visible="false"><LayoutInput><AnchorLayoutInput Right="ProductLogo, 0, -9" Vertical="Center" ContributesToHeight="false"/></LayoutInput><Animations><Animation Animation="animation://me:Start.Clock.Return"/></Animations><Children><Graphic Name="MediaOnly" Content="res://ehres!MediaOnly.Indicator.png"><LayoutInput><AnchorLayoutInput Right="Clock, 0, -8" Top="Parent, 0" Bottom="Parent, 1, -2" Vertical="Center" ContributesToHeight="false"/></LayoutInput></Graphic><me:StartMenuClock Name="Clock" Padding="0, 3, 0, 0"/></Children></Panel></Children></Panel><me:OEMLogoUI Name="OEMLogo" Model="[Model]"><LayoutInput><FormLayoutInput Right="Parent, 1, -48" Bottom="Parent, 1, -56"/></LayoutInput><Animations><Animation Animation="animation://me:Start.Logo.Hide"/></Animations></me:OEMLogoUI><me:StartMenuView Name="Menu" Model="[Model]" LaunchFlag="[LaunchFlag]" QuickLinkMode="[QuickLinkMode]" MenuDelay="[MenuDelay]" MenuNearOffset="[MenuNearOffset]" MenuFarOffset="[MenuFarOffset]" MenuFadeSize="[MenuFadeSize]" MenuFadeAmount="[MenuFadeAmount]" LayoutInput="[StartMenuViewLayout]" LeftAutoScrollEdgeOffset="[LeftAutoScrollEdgeOffset]" RightAutoScrollEdgeOffset="[RightAutoScrollEdgeOffset]" BottomAutoScrollEdgeOffset="[BottomAutoScrollEdgeOffset]" TopAutoScrollEdgeOffset="[TopAutoScrollEdgeOffset]" CategoryScrollDisposition="[CategoryScrollDisposition]" QuickLinkScrollDisposition="[QuickLinkScrollDisposition]" CollapseLimit="2" Arriving="[Arriving]" IsOverlay="[IsOverlay]" /></Children></Panel></Children></Panel></Content></UI><UI Name="StartMenuClock"><Properties><Font Name="DateTimeFont" FontName="global://comm:MainFontFace" FontSize="17"/></Properties><Content><ctl:Clock Font="[DateTimeFont]"/></Content></UI><UI Name="ProductLogoUI"><Properties><Image Name="Logo" Image="$Required"/></Properties><Rules><Default Target="[Accessible.Name]" Value="res://ehres!Acc_Name_ProductLogoUI"/><Default Target="[Accessible.Role]" Value="Graphic"/></Rules><Content><Graphic Image="[Logo]"/></Content></UI><UI Name="OEMLogoUI"><Properties><shl:StartMenu Name="Model" StartMenu="$Required"/></Properties><Rules><Rule><Conditions><IsValid Source="[Model.OEMLogo!Image.Source.ToString]"/></Conditions><Actions><Set Target="[Accessible.Value]" Value="[Model.OEMLogo!Image.Source.ToString]"/></Actions></Rule><Default Target="[Accessible.Value]" Value=""/><Default Target="[Accessible.Name]" Value="res://ehres!Acc_Name_OEMLogoUI"/><Default Target="[Accessible.Role]" Value="Graphic"/></Rules><Content><Graphic Name="OEMLogo" Content="[Model.OEMLogo]" MaintainAspectRatio="true" MaximumSize="200,75" /></Content></UI></Mcml>