<Mcml xmlns ="http://schemas.microsoft.com/2006/mcml" xmlns:cor ="assembly://MsCorLib/System" xmlns:comm="res://Microsoft.MediaCenter.Shell!Globals.mcml" xmlns:me="Me"><UI Name="StaticText"><Properties><cor:String Name="AccessibilityName" String="null"/><cor:String Name="Content" String="null"/><Font Name="Font" Font="font://comm:ButtonText"/><Color Name="Color" Color="color://comm:OffWhite"/><cor:Int32 Name="MaximumLines" Int32="9999"/><cor:Boolean Name="WordWrap" Boolean="false"/><cor:Single Name="FadeSize" Single="32"/><HorizontalAlignment Name="HorizontalAlignment" HorizontalAlignment="Near"/></Properties><Rules><Binding Target="[Accessible.Value]" Source="[Content]"/><Binding Target="[Accessible.Name]" Source="[AccessibilityName]"/><Default Target="[Accessible.Role]" Value="StaticText"/><Binding Source="[Color]" Target="[Label.Color]"/><Binding Source="[Font]" Target="[Label.Font]"/><Binding Source="[Content]" Target="[Label.Content]"/><Binding Source="[MaximumLines]" Target="[Label.MaximumLines]"/><Binding Source="[WordWrap]" Target="[Label.WordWrap]"/><Binding Source="[FadeSize]" Target="[Label.FadeSize]"/><Binding Source="[HorizontalAlignment]" Target="[Label.HorizontalAlignment]"/></Rules><Content><Text Name="Label"/></Content></UI><UI Name="StaticTextEditboxLabel" BaseUI="me:StaticText"><Properties><Font Name="Font" Font="font://comm:DialogContent"/><Color Name="Color" Color="color://comm:LightBlue"/></Properties></UI></Mcml>