<Mcml xmlns="http://schemas.microsoft.com/2006/mcml"
      xmlns:cor ="assembly://MsCorLib/System"
      xmlns:draw="assembly://Microsoft.MediaCenter.UI/Microsoft.MediaCenter.UI.Drawing"
      xmlns:shell="assembly://Microsoft.MediaCenter.Shell/Microsoft.MediaCenter.Shell"
      xmlns:comm="res://Microsoft.MediaCenter.Shell!Globals.mcml" xmlns:me="Me">
  <UI Name="AutoScrollRegionBase">
    <Properties>
      <ICommand Name="ScrollCommand" ICommand="$Required"/>
      <ICommand Name="ClickCommand" ICommand="null"/>
      <ICommand Name="TransitionStartCommand" ICommand="null"/>
      <ICommand Name="TransitionStopCommand" ICommand="null"/>
      <DockLayoutPosition Name ="LayoutPosition" DockLayoutPosition="Left"/>
      <cor:Int32 Name="ScrollInterval" Int32="100"/>
      <cor:Int32 Name="DelayInterval" Int32="1000"/>
      <cor:Int32 Name="ClickTimeoutInterval" Int32="3000"/>
      <cor:Int32 Name="TransitionInterval" Int32="2000"/>
      <Image Name="LeftImage" Source="res://ehres!AutoScroll.Chevron.Left.png" Flippable="true"/>
      <Image Name="RightImage" Source="res://ehres!AutoScroll.Chevron.Right.png" Flippable="true"/>
      <Image Name="TopImage" Source="res://ehres!AutoScroll.Chevron.Top.png" Flippable="true"/>
      <Image Name="BottomImage" Source="res://ehres!AutoScroll.Chevron.Bottom.png" Flippable="true"/>
      <Image Name="LeftPressedImage" Source="res://ehres!AutoScroll.Chevron.Left.Pressed.png" Flippable="true"/>
      <Image Name="RightPressedImage" Source="res://ehres!AutoScroll.Chevron.Right.Pressed.png" Flippable="true"/>
      <Image Name="TopPressedImage" Source="res://ehres!AutoScroll.Chevron.Top.Pressed.png" Flippable="true"/>
      <Image Name="BottomPressedImage" Source="res://ehres!AutoScroll.Chevron.Bottom.Pressed.png" Flippable="true"/>
      <Image Name="LeftRestImage" Source="res://ehres!AutoScroll.Chevron.Left.Rest.png" Flippable="true"/>
      <Image Name="RightRestImage" Source="res://ehres!AutoScroll.Chevron.Right.Rest.png" Flippable="true"/>
      <Image Name="TopRestImage" Source="res://ehres!AutoScroll.Chevron.Top.Rest.png" Flippable="true"/>
      <Image Name="BottomRestImage" Source="res://ehres!AutoScroll.Chevron.Bottom.Rest.png" Flippable="true"/>
      <BooleanChoice Name="AutoScrollRegionActive" />
      <BooleanChoice Name="TransitionActive" BooleanChoice="null"/>
      <cor:Boolean Name="TakeKeyFocus" Boolean="false"/>
      <cor:Boolean Name="RestModeEnabled" Boolean="false"/>
      <AccessibleRole Name="AccessibilityRole" AccessibleRole="PushButton"/>
      <Inset Name="NavigationHintMargins" Inset="10, 10, 10, 10"/>
      <cor:Boolean Name="AlwaysVisible" Boolean ="false" />
    </Properties>
    <Locals>
      <BooleanChoice Name="CanScrollDown"/>
      <BooleanChoice Name="CanScrollUp"/>
      <shell:AutoScrollHandler Name="AutoScroll" Model="[ScrollCommand]"/>
      <ClickHandler Name="Clicker" Command="[ClickCommand]"/>
      <Environment Name="Environment"/>
      <shell:ShellData Name="ShellData"/>
      <Image Name="Arrow"/>
      <Image Name="PressedArrow"/>
      <Image Name="RestArrow"/>
      <TransformAnimation Name="ShowAnimation" Source="animation://comm:StandardFade.Show" />
      <TransformAnimation Name="HideAnimation" Source="animation://comm:StandardFade.Hide" />
    </Locals>
    <Rules>
      <Condition Source="[ClickCommand]" SourceValue="null" Target="[Clicker.Command]" Value="[ScrollCommand]"/>
      <Default Target="[Accessible.DefaultActionCommand]" Value="[ScrollCommand]"/>
      <Binding Target="[Accessible.IsPressed]" Source="[AutoScroll.IsActive]"/>
      <Binding Target="[Accessible.IsFocusable]" Source="[Input.Enabled]"/>
      <Binding Target="[Accessible.IsFocused]" Source="[AutoScroll.IsHovering]"/>
      <Default Target="[Accessible.DefaultAction]" Value="res://ehres!Acc_DefaultAction_Button"/>
      <Default Target="[Accessible.Role]" Value="[AccessibilityRole]"/>
      <Changed Source="[Clicker.Invoked]">
        <Actions>
          <Set Target="[AutoScroll.Paused]" Value="true"/>
        </Actions>
      </Changed>
      <Condition Source="[AutoScroll.IsHovering]" SourceValue="false" Target="[AutoScroll.Paused]" Value="false"/>
      <Rule>
        <Conditions>
          <Equality Source="[LayoutPosition]" Value="Bottom"/>
          <Modified Source="[CanScrollDown.Value]"/>
        </Conditions>
        <Actions>
          <Set Target="[AutoScroll.CanScroll]" Value="[CanScrollDown.Value]"/>
        </Actions>
      </Rule>
      <Rule>
        <Conditions>
          <Equality Source="[LayoutPosition]" Value="Top"/>
          <Modified Source="[CanScrollUp.Value]"/>
        </Conditions>
        <Actions>
          <Set Target="[AutoScroll.CanScroll]" Value="[CanScrollUp.Value]"/>
        </Actions>
      </Rule>
      <Rule>
        <Conditions>
          <Equality Source="[LayoutPosition]" Value="Right"/>
          <Modified Source="[CanScrollDown.Value]"/>
        </Conditions>
        <Actions>
          <Set Target="[AutoScroll.CanScroll]" Value="[CanScrollDown.Value]"/>
        </Actions>
      </Rule>
      <Rule>
        <Conditions>
          <Equality Source="[LayoutPosition]" Value="Left"/>
          <Modified Source="[CanScrollUp.Value]"/>
        </Conditions>
        <Actions>
          <Set Target="[AutoScroll.CanScroll]" Value="[CanScrollUp.Value]"/>
        </Actions>
      </Rule>
      <Rule>
        <Conditions>
          <Equality Source="[LayoutPosition]" Value="Bottom" />
        </Conditions>
        <Actions>
          <Set Target="[RestArrow]" Value="[BottomRestImage]"/>
          <Set Target="[Arrow]" Value="[BottomImage]"/>
          <Set Target="[PressedArrow]" Value="[BottomPressedImage]"/>
          <Set Target="[Accessible.Name]" Value="res://ehres!Acc_Name_AutoScroll_Bottom"/>
          <Set Target="[Accessible.Description]" Value="res://ehres!Acc_Desc_AutoScroll_Bottom"/>
        </Actions>
      </Rule>
      <Rule>
        <Conditions>
          <Equality Source="[LayoutPosition]" Value="Top" />
        </Conditions>
        <Actions>
          <Set Target="[RestArrow]" Value="[TopRestImage]"/>
          <Set Target="[Arrow]" Value="[TopImage]"/>
          <Set Target="[PressedArrow]" Value="[TopPressedImage]"/>
          <Set Target="[Accessible.Name]" Value="res://ehres!Acc_Name_AutoScroll_Top"/>
          <Set Target="[Accessible.Description]" Value="res://ehres!Acc_Desc_AutoScroll_Top"/>
        </Actions>
      </Rule>
      <Rule>
        <Conditions>
          <Equality Source="[LayoutPosition]" Value="Right" />
        </Conditions>
        <Actions>
          <Set Target="[RestArrow]" Value="[RightRestImage]"/>
          <Set Target="[Arrow]" Value="[RightImage]"/>
          <Set Target="[PressedArrow]" Value="[RightPressedImage]"/>
          <Set Target="[Accessible.Name]" Value="res://ehres!Acc_Name_AutoScroll_Right"/>
          <Set Target="[Accessible.Description]" Value="res://ehres!Acc_Desc_AutoScroll_Right"/>
        </Actions>
      </Rule>
      <Rule>
        <Conditions>
          <Equality Source="[LayoutPosition]" Value="Left" />
        </Conditions>
        <Actions>
          <Set Target="[RestArrow]" Value="[LeftRestImage]"/>
          <Set Target="[Arrow]" Value="[LeftImage]"/>
          <Set Target="[PressedArrow]" Value="[LeftPressedImage]"/>
          <Set Target="[Accessible.Name]" Value="res://ehres!Acc_Name_AutoScroll_Left"/>
          <Set Target="[Accessible.Description]" Value="res://ehres!Acc_Desc_AutoScroll_Left"/>
        </Actions>
      </Rule>
      <Rule>
        <Conditions>
          <Equality Source="[AlwaysVisible]" Value="true" />
          <Equality Source="[AutoScroll.CanScroll]" Value="true" />
        </Conditions>
        <Actions>
          <Set Target="[ShowAnimation.Delay]" Value="0.4"/>
          <Set Target="[HideAnimation.Delay]" Value="0.4"/>
          <Invoke Target="[NavigationHint.AttachAnimation]" animation="[ShowAnimation]" InvokePolicy="Synchronous"/>
          <Invoke Target="[NavigationHint.AttachAnimation]" animation="[HideAnimation]" InvokePolicy="Synchronous"/>
          <Set Target="[NavigationHint.Visible]" Value="true"/>
        </Actions>
      </Rule>
      <Rule>
        <Conditions>
          <Equality Source="[AutoScroll.IsActive]" Value="true" />
          <Equality Source="[AutoScroll.CanScroll]" Value="true" />
        </Conditions>
        <Actions>
          <Set Target="[NavigationHint.Visible]" Value="true"/>
        </Actions>
      </Rule>
      <Rule>
        <Conditions>
          <Equality Source="[AutoScroll.IsHovering]" Value="true" />
          <Equality Source="[AutoScroll.CanScroll]" Value="true" />
        </Conditions>
        <Actions>
          <Set Target="[NavigationHint.Visible]" Value="true"/>
        </Actions>
      </Rule>
      <Rule>
        <Conditions>
          <Equality Source="[AutoScroll.IsAlwaysOn]" Value="true" />
          <Equality Source="[AutoScroll.CanScroll]" Value="true" />
        </Conditions>
        <Actions>
          <Set Target="[NavigationHint.Visible]" Value="true"/>
        </Actions>
      </Rule>
      <Condition Source="[Clicker.Clicking]" SourceValue="true" Target="[NavigationHint.Image]" Value="[PressedArrow]"/>
      <Condition Source="[AutoScroll.IsHovering]" SourceValue="true" Target="[NavigationHint.Image]" Value="[Arrow]"/>
      <Default Target="[NavigationHint.Image]" Value="[RestArrow]"/>
      <Default Target="[NavigationHint.Visible]" Value="false"/>
      <Binding Target="[NavigationHint.Margins]" Source="[NavigationHintMargins]"/>
      <Rule>
        <Conditions>
          <Equality Source="[AutoScroll.IsHovering]" ConditionOp="ChangedTo" Value="true"/>
          <Equality Source="[AutoScroll.CanScroll]" Value="true"/>
        </Conditions>
        <Actions>
          <Set Target="[Input.KeyInteractive]" Value="[TakeKeyFocus]"/>
          <Invoke Target="[Input.RequestKeyFocus]"/>
        </Actions>
      </Rule>
      <Default Target="[Input.KeyInteractive]" Value="false"/>
      <Binding Source="[AutoScroll.IsActive]" Target="[AutoScrollRegionActive.Value]"/>
      <Default Target="[Input.CreateInterestOnFocus]" Value="false"/>
      <Binding Target="[AutoScroll.DelayInterval]" Source="[DelayInterval]"/>
      <Binding Target="[AutoScroll.ScrollInterval]" Source="[ScrollInterval]"/>
      <Binding Target="[AutoScroll.TransitionActive]" Source="[TransitionActive]"/>
      <Binding Target="[AutoScroll.TransitionInterval]" Source="[TransitionInterval]"/>
      <Binding Target="[AutoScroll.TransitionStartCommand]" Source="[TransitionStartCommand]"/>
      <Binding Target="[AutoScroll.TransitionStopCommand]" Source="[TransitionStopCommand]"/>
    </Rules>
    <Content>
      <Panel Name="AutoScrollPanel" Layout="Dock">
        <Children>
          <Graphic Name="NavigationHint" Margins="[NavigationHintMargins]">
            <LayoutInput>
              <DockLayoutInput Position="[LayoutPosition]" Alignment="Center"/>
            </LayoutInput>
            <Animations>
              <Animation Animation="animation://comm:StandardFade.Show"/>
              <Animation Animation="animation://comm:StandardFade.Hide"/>
            </Animations>
          </Graphic>
        </Children>
      </Panel>
    </Content>
  </UI>
  <UI Name="AutoScrollRegion" BaseUI="me:AutoScrollRegionBase">
    <Properties>
      <ScrollingData Name="ScrollData" ScrollingData="$Required"/>
    </Properties>
    <Rules>
      <Binding Source="[ScrollData.CanScrollDown]" Target="[CanScrollDown.Value]"/>
      <Binding Source="[ScrollData.CanScrollUp]" Target="[CanScrollUp.Value]"/>
    </Rules>
  </UI>
  <UI Name="TableAxisAutoScrollRegion" BaseUI="me:AutoScrollRegionBase">
    <Properties>
      <shell:TableAxisScrollData Name="ScrollData" TableAxisScrollData="$Required"/>
    </Properties>
    <Rules>
      <Binding Source="[ScrollData.CanScrollDown]" Target="[CanScrollDown.Value]"/>
      <Binding Source="[ScrollData.CanScrollUp]" Target="[CanScrollUp.Value]"/>
    </Rules>
  </UI>
</Mcml>