<Mcml xmlns="http://schemas.microsoft.com/2006/mcml" xmlns:cor ="assembly://MsCorLib/System" xmlns:lib ="assembly://Microsoft.MediaCenter.UI/Microsoft.MediaCenter.Shell" xmlns:draw="assembly://Microsoft.MediaCenter.UI/Microsoft.MediaCenter.UI.Drawing" xmlns:shell="assembly://Microsoft.MediaCenter.Shell/Microsoft.MediaCenter.Shell" xmlns:ctl ="res://Microsoft.MediaCenter.Shell!Controls.mcml" xmlns:comm="res://Microsoft.MediaCenter.Shell!Globals.mcml" xmlns:me="Me"><Font Name="PowerMenuButtonText" FontName="global://comm:RegularFontFace" FontSize="18" /><UI Name="PowerMenu" Code="ListView" Behavior="shell:MenuControl"><Properties><shell:MenuData Name="MenuData" MenuData="$Required"/></Properties><Rules><Default Target="[Input.Model]" Value="[MenuData]"/><Condition Source="[MenuData.CurrentSelection]" ConditionOp="NotEquals" SourceValue="null"><Actions><Set Target="[Label.Content]" Value="[MenuData.CurrentSelection.Description]"/></Actions></Condition><Binding Source="[MenuData.Items]" Target="[Repeater.Source]"/></Rules><Content><Panel Navigation="WrapHorizontal, ContainVertical, WrapTabOrder" Layout="Anchor"><Animation>animation://comm:Menu.Horizontal.Show</Animation><Animation>animation://comm:Menu.Hide</Animation><Children><Graphic Name="Border" Padding="5, 5, 5, 5" SizingPolicy="SizeToChildren" Image="metaimage://comm:Overlays.Outline"><Children><Graphic MaximumSize="365, 0" Padding="10, 10, 10, 10" Layout="Anchor" Image="res://ehres!Notifications.PowerMenu.Background.png"><Children><Panel Name="Logo"><Layout><FlowLayout Orientation="Horizontal" /></Layout><LayoutInput><AnchorLayoutInput Right="Parent,1" Top="Parent,0,2"/></LayoutInput><Children><Graphic Image="res://ehres!Notifications.PowerMenu.Logo.Text.png" /><Graphic Image="res://ehres!Notifications.PowerMenu.Logo.png" /></Children><Animation>animation://comm:MenuContent.Show</Animation></Panel><Panel Layout="Anchor"><LayoutInput><AnchorLayoutInput Right="Parent,1" Top="Logo,1,16"/></LayoutInput><Children><Clip Name="ButtonArea" FadeSize="-10" Padding="0, 10, 0, 0" Orientation="Horizontal"><Children><Repeater Name="Repeater" Layout="LegacyHorizontalFlow"><Content><me:PowerMenuButton Model="[RepeatedItem!shell:PowerMenuItem]" Margins="5, 0, 5, 0"><Animation>animation://comm:MenuItem.Horizontal.Show</Animation><Animation>animation://comm:MenuItem.Hide</Animation></me:PowerMenuButton></Content></Repeater></Children></Clip><FancyText Name="Label" Margins="5, 0, 5, 0" Font="font://me:PowerMenuButtonText" Color="color://comm:OffWhite"><LayoutInput><AnchorLayoutInput Top="ButtonArea,1" Left="ButtonArea,0" Horizontal="Near" ContributesToWidth="false" ContributesToHeight="true"></AnchorLayoutInput></LayoutInput><Animation>animation://comm:MenuContent.Show</Animation></FancyText></Children></Panel></Children></Graphic></Children></Graphic><Graphic SizingPolicy="SizeToConstraint" Image="metaimage://comm:Overlays.Shadow"><LayoutInput><AnchorLayoutInput Left="Border,0" Right="Border,1,38" Top="Border,0" Bottom="Border,1,43"/></LayoutInput></Graphic></Children></Panel></Content></UI><UI Name="PowerMenuHost"><Properties><shell:MenuData Name="MenuData" MenuData="$Required"/></Properties><Content><Panel><Layout><CenterLayout/></Layout><Children><me:PowerMenu MenuData="[MenuData]"/></Children></Panel></Content></UI><UI Name="PowerMenuButton" BaseUI="ctl:Button"><Properties><shell:PowerMenuItem Name="Model" PowerMenuItem="$Required"/><cor:Boolean Name="ShowLabel" Boolean="false"/><Size Name="TileSize" Width="59" Height="58"/><draw:BaseImage Name="NoFocusImage" BaseImage="res://ehres!Notifications.PowerMenu.Button.NoFocus.png"/><draw:BaseImage Name="FocusImage" BaseImage="res://ehres!Notifications.PowerMenu.Green.Focus.png"/><draw:BaseImage Name="FocusOverlayImage" BaseImage="res://ehres!Notifications.PowerMenu.Green.FocusOverlay.png"/><draw:BaseImage Name="PressedImage" BaseImage="res://ehres!Notifications.PowerMenu.Green.PressedHighlight.png"/><DockLayoutInput Name="IconBorderInput" Position="Client" Alignment="Center"/><cor:Boolean Name="InvokeOnSingleTap" Boolean="false"/></Properties><Rules><Rule><Conditions><Equality Source="[Model.Image.Values.#BackgroundColor!cor:String]" Value="Yellow"/></Conditions><Actions><Set Target="[FocusImage]" Value="res://ehres!Notifications.PowerMenu.Yellow.Focus.png"/><Set Target="[FocusOverlayImage]" Value="res://ehres!Notifications.PowerMenu.Yellow.FocusOverlay.png"/><Set Target="[PressedImage]" Value="res://ehres!Notifications.PowerMenu.Yellow.PressedHighlight.png"/></Actions></Rule><Rule><Conditions><Equality Source="[Model.Image.Values.#BackgroundColor!cor:String]" Value="Red"/></Conditions><Actions><Set Target="[FocusImage]" Value="res://ehres!Notifications.PowerMenu.Red.Focus.png"/><Set Target="[FocusOverlayImage]" Value="res://ehres!Notifications.PowerMenu.Red.FocusOverlay.png"/><Set Target="[PressedImage]" Value="res://ehres!Notifications.PowerMenu.Red.PressedHighlight.png"/></Actions></Rule><Binding Source="[PressedImage]" Target="[Highlight.Image]"/><Binding Source="[FocusOverlayImage]" Target="[FocusOverlay.Image]"/></Rules><Locals><draw:BaseImage Name="IconImage" BaseImage="[Model!shell:IThumbnailCommand.Image.DefaultImage]"/></Locals></UI></Mcml>