<?xml version="1.0" encoding="UTF-8" ?><Mcml xmlns="http://schemas.microsoft.com/2006/mcml" xmlns:cor ="assembly://MsCorLib/System" xmlns:coll="assembly://MsCorLib/System.Collections" xmlns:shl ="assembly://Microsoft.MediaCenter.Shell/Microsoft.MediaCenter.Shell" xmlns:comm="res://Microsoft.MediaCenter.Shell!Globals.mcml" xmlns:ctl ="res://Microsoft.MediaCenter.Shell!Controls.mcml" xmlns:me ="Me"><Aggregate Source="res://Microsoft.MediaCenter.Shell!BrowseAnimations.mcml"/><UI Name="DetailsBase"><Properties><shl:BrowseModel Name="Model" BrowseModel="$Required"/><ISelectable Name="Selection" ISelectable="$Required"/><RangedValue Name="KeyDelay" RangedValue="$Required"/><RangedValue Name="MouseDelay" RangedValue="$Required"/><EditableText Name="TransitionState" EditableText="$Required"/><Font Name="TitleFont" FontName="global://comm:MainFontFace" FontSize="20"/><Font Name="DataFont" FontName="global://comm:RegularFontFace" FontSize="18"/><Font Name="AlertFont" FontName="global://comm:MainFontFace" FontSize="16"/><Color Name="TitleColor" Color="color://comm:OffWhite"/><Color Name="DataColor" Color="color://comm:LightBlue"/><Animation Name="ShowUpperAnimation" Animation="animation://comm:Details.Upper.Show"/><Animation Name="ShowLowerAnimation" Animation="animation://comm:Details.Lower.Show"/><TransformAnimation Name="ChangeShowUpperAnimation" Source="animation://comm:Details.Upper.ShowChange"/><TransformAnimation Name="ChangeShowLowerAnimation" Source="animation://comm:Details.Lower.ShowChange"/><Animation Name="ChangeHideUpperAnimation" Animation="animation://comm:Details.Upper.HideChange"/><Animation Name="ChangeHideLowerAnimation" Animation="animation://comm:Details.Lower.HideChange"/><RangedValue Name="DefaultKeyDelay" Value="3.0"/><RangedValue Name="DefaultMouseDelay" Value="0.101"/><EditableText Name="FocusArea" EditableText="$Required"/></Properties><Locals><Environment Name="Environment"/></Locals><Rules><Default Target="[Accessible.Name]" Value="res://ehres!Acc_Name_BrowseDetails" /><Default Target="[Accessible.Role]" Value="StaticText"/><Rule><Conditions><Modified Source="[Selection]"/><IsValid Source="[LowerPanel]"/></Conditions><Actions><Invoke Target="[LowerPanel.ForceContentChange]"/></Actions></Rule><Rule><Conditions><Modified Source="[Selection]"/><IsValid Source="[UpperPanel]"/></Conditions><Actions><Invoke Target="[UpperPanel.ForceContentChange]"/></Actions></Rule><Rule><Conditions><Equality Source="[MouseDelay]" Value="null"/><Equality Source="[Environment.IsMouseActive]" Value="true"/></Conditions><Actions><Set Target="[ChangeShowUpperAnimation.Delay]" Value="[DefaultMouseDelay.Value]"/><Set Target="[ChangeShowLowerAnimation.Delay]" Value="[DefaultMouseDelay.Value]"/></Actions></Rule><Rule><Conditions><IsValid Source="[MouseDelay]"/><Equality Source="[Environment.IsMouseActive]" Value="true"/></Conditions><Actions><Set Target="[ChangeShowUpperAnimation.Delay]" Value="[MouseDelay.Value]"/><Set Target="[ChangeShowLowerAnimation.Delay]" Value="[MouseDelay.Value]"/></Actions></Rule><Rule><Conditions><IsValid Source="[KeyDelay]"/></Conditions><Actions><Set Target="[ChangeShowUpperAnimation.Delay]" Value="[KeyDelay.Value]"/><Set Target="[ChangeShowLowerAnimation.Delay]" Value="[KeyDelay.Value]"/></Actions></Rule><Default Target="[ChangeShowLowerAnimation.Delay]" Value="[DefaultKeyDelay.Value]"/><Default Target="[ChangeShowUpperAnimation.Delay]" Value="[DefaultKeyDelay.Value]"/><Rule><Conditions><IsValid Source="[UpperPanel]"/></Conditions><Actions><Invoke Target="[UpperPanel.AttachAnimation]" animation="[ShowUpperAnimation]" InvokePolicy="Synchronous" ExclusiveApply="false"/><Invoke Target="[UpperPanel.AttachAnimation]" animation="[ChangeShowUpperAnimation]" InvokePolicy="Synchronous" ExclusiveApply="false"/><Invoke Target="[UpperPanel.AttachAnimation]" animation="[ChangeHideUpperAnimation]" InvokePolicy="Synchronous"/></Actions></Rule><Rule><Conditions><IsValid Source="[LowerPanel]"/></Conditions><Actions><Invoke Target="[LowerPanel.AttachAnimation]" animation="[ShowLowerAnimation]" InvokePolicy="Synchronous" ExclusiveApply="false"/><Invoke Target="[LowerPanel.AttachAnimation]" animation="[ChangeShowLowerAnimation]" InvokePolicy="Synchronous" ExclusiveApply="false"/><Invoke Target="[LowerPanel.AttachAnimation]" animation="[ChangeHideLowerAnimation]" InvokePolicy="Synchronous"/></Actions></Rule></Rules><Content><Panel><Children><Panel Name="UpperPanel"></Panel><Panel Name="LowerPanel"></Panel></Children></Panel></Content></UI><UI Name="Details" BaseUI="me:DetailsBase"><Rules><Rule><Conditions><Equality Source="[FocusArea.Value]" Value="TurboScrollGallery" ConditionOp="NotEquals"/><IsValid Source="[Selection]"/></Conditions><Actions><Set Target="[Title.Content]" Value="[Selection]"><Transformer><DescriptionTransformer Format="{0}"/></Transformer></Set></Actions></Rule></Rules><Content><Panel><Children><Panel Name="UpperPanel"><Children><FancyText Name="Title" Font="[TitleFont]" Color="[TitleColor]"/></Children></Panel></Children></Panel></Content></UI></Mcml>