<Mcml xmlns ="http://schemas.microsoft.com/2006/mcml" xmlns:cor ="assembly://MSCorLib/System" xmlns:comm="res://Microsoft.MediaCenter.Shell!Globals.mcml" xmlns:rb ="res://Microsoft.MediaCenter.Shell!RadioButton.mcml" xmlns:mrb ="res://Microsoft.MediaCenter.Shell!MenuRadioButton.mcml" xmlns:me ="Me"><LegacyVerticalFlowLayout Name="DefaultLayout" AllowWrap="true"/><UI Name="RadioGroup"><Properties><Choice Name="Model" Choice="$Required"/><Font Name="GroupLabelFont" Font="font://comm:ButtonText"/><Color Name="GroupLabelColor" Color="color://comm:OffWhite"/><cor:Boolean Name="ShowGroupLabel" Boolean="false"/><Inset Name="GroupLabelMargins" Inset="0, 0, 0, 3"/><Inset Name="ItemSpacing" Inset="0, 0, 0, 0"/><Inset Name="ItemLabelMargins" Inset="15, 5, 10, 5"/><Font Name="Font" Font="font://comm:ButtonText"/><Size Name="TileSize" Size="50, 50"/><ILayout Name="FlowLayout" ILayout="global://me:DefaultLayout"/></Properties><Rules><Binding Source="[Model.Description]" Target="[Label.Content]"/><Binding Source="[Model.Options]" Target="[Repeater.Source]"/></Rules><Content><Panel Name="RootPanel" Layout="VerticalFlow" Navigation="TabGroup, Column"><Children><FancyText Name="Label" Color="[GroupLabelColor]" Font="[GroupLabelFont]" Margins="[GroupLabelMargins]" Visible="[ShowGroupLabel]"/><Repeater Name="Repeater" ContentName="RadioButton" Layout="[FlowLayout]"/></Children></Panel></Content><Content Name="RadioButton"><rb:RadioButton Model="[Model]" Option="[RepeatedItem]" Font="[Font]" TileSize="[TileSize]" Margins="[ItemSpacing]" LabelMargins="[ItemLabelMargins]"/></Content></UI><UI Name="MenuRadioGroup" BaseUI="me:RadioGroup"><Content Name="RadioButton"><mrb:MenuRadioButton Model="[Model]" Option="[RepeatedItem]" Font="[Font]" Margins="[ItemSpacing]"/></Content></UI></Mcml>