<Mcml xmlns="http://schemas.microsoft.com/2006/mcml" xmlns:cor ="assembly://MsCorLib/System" xmlns:me="Me"><cor:Single Name="LaunchDelay.Full" Single="2.35"/><cor:Single Name="LaunchDelay.Standard" Single="3.75"/><cor:Single Name="LaunchDelay.GDI" Single="0.0"/><cor:Single Name="ReturnDelay" Single="0.6"/><SelectByIntensityAnimation Name="Start.Launch.Background"><Intensive><IntensiveAnimation Source="animation://me:Start.Launch.Background.Full"/></Intensive><Standard><Animation><Keyframes><AlphaKeyframe Time="0.0" Value="1.0" RelativeTo="Absolute"/><AlphaKeyframe Time="2.6" Value="1.0" RelativeTo="Absolute"/><AlphaKeyframe Time="2.601" Value="0.0" RelativeTo="Absolute"/></Keyframes></Animation></Standard><NonIntensive><NonIntensiveAnimation Source="animation://me:Start.Launch.Background.NonIntensive"/></NonIntensive></SelectByIntensityAnimation><Animation Name="Start.Launch.Background.Full" Type="Show"><Keyframes><AlphaKeyframe Time="0.0" Value="1.0" RelativeTo="Absolute"/><AlphaKeyframe Time="1.6" Value="1.0" RelativeTo="Absolute" Interpolation="SCurve"/><AlphaKeyframe Time="2.6" Value="0.0" RelativeTo="Absolute"/></Keyframes></Animation><Animation Name="Start.Launch.Background.NonIntensive" Type="Show"><Keyframes><AlphaKeyframe Time="0.0" Value="0.0" RelativeTo="Absolute"/><AlphaKeyframe Time="0.1" Value="0.0" RelativeTo="Absolute"/></Keyframes></Animation><SelectByIntensityAnimation Name="Start.Launch.Skittle"><Intensive><IntensiveAnimation Source="animation://me:Start.Launch.Skittle.Full"/></Intensive><Standard><Animation Animation="animation://me:Start.Launch.Skittle.Standard"/></Standard></SelectByIntensityAnimation><Animation Name="Start.Launch.Skittle.Full" Type="Show"><Keyframes><AlphaKeyframe Time="0.0" Value="0.0" RelativeTo="Absolute"/><AlphaKeyframe Time="0.133" Value="0.0" RelativeTo="Absolute" Interpolation="SCurve"/><AlphaKeyframe Time="0.833" Value="1.0" RelativeTo="Absolute"/><AlphaKeyframe Time="1.4" Value="1.0" RelativeTo="Absolute" Interpolation="SCurve"/><AlphaKeyframe Time="1.867" Value="0.0" RelativeTo="Absolute"/></Keyframes></Animation><Animation Name="Start.Launch.Skittle.Standard" Type="Show"><Keyframes><AlphaKeyframe Time="0.0" Value="0.0" RelativeTo="Absolute"/><AlphaKeyframe Time="0.133" Value="0.0" RelativeTo="Absolute" Interpolation="SCurve"/><AlphaKeyframe Time="0.833" Value="1.0" RelativeTo="Absolute"/><AlphaKeyframe Time="1.5" Value="1.0" RelativeTo="Absolute"/><AlphaKeyframe Time="2.1" Value="0.0" RelativeTo="Absolute"/></Keyframes></Animation><SelectByIntensityAnimation Name="Start.Launch.Microsoft"><Intensive><IntensiveAnimation Source="animation://me:Start.Launch.Microsoft.Full"/></Intensive><Standard><Animation Animation="animation://me:Start.Launch.Microsoft.Standard"/></Standard></SelectByIntensityAnimation><Animation Name="Start.Launch.Microsoft.Full" Type="Show"><Keyframes><AlphaKeyframe Time="0.0" Value="0.0" RelativeTo="Absolute"/><AlphaKeyframe Time="0.133" Value="0.0" RelativeTo="Absolute" Interpolation="SCurve"/><AlphaKeyframe Time="0.833" Value="1.0" RelativeTo="Absolute"/><AlphaKeyframe Time="1.4" Value="1.0" RelativeTo="Absolute" Interpolation="SCurve"/><AlphaKeyframe Time="1.867" Value="0.0" RelativeTo="Absolute"/></Keyframes></Animation><Animation Name="Start.Launch.Microsoft.Standard" Type="Show"><Keyframes><AlphaKeyframe Time="0.0" Value="0.0" RelativeTo="Absolute"/><AlphaKeyframe Time="0.133" Value="0.0" RelativeTo="Absolute" Interpolation="SCurve"/><AlphaKeyframe Time="0.833" Value="1.0" RelativeTo="Absolute"/><AlphaKeyframe Time="1.5" Value="1.0" RelativeTo="Absolute"/><AlphaKeyframe Time="2.1" Value="0.0" RelativeTo="Absolute"/></Keyframes></Animation><SelectByIntensityAnimation Name="Start.Launch.Media"><Intensive><IntensiveAnimation Source="animation://me:Start.Launch.Media.Full"/></Intensive><Standard><Animation Animation="animation://me:Start.Launch.Media.Standard"/></Standard></SelectByIntensityAnimation><Animation Name="Start.Launch.Media.Full" Type="Show"><Keyframes><AlphaKeyframe Time="0.0" Value="0.0" RelativeTo="Absolute"/><AlphaKeyframe Time="0.167" Value="0.0" RelativeTo="Absolute" Interpolation="SCurve"/><AlphaKeyframe Time="0.867" Value="1.0" RelativeTo="Absolute"/><AlphaKeyframe Time="1.433" Value="1.0" RelativeTo="Absolute" Interpolation="SCurve"/><AlphaKeyframe Time="1.9" Value="0.0" RelativeTo="Absolute"/></Keyframes></Animation><Animation Name="Start.Launch.Media.Standard" Type="Show"><Keyframes><AlphaKeyframe Time="0.0" Value="0.0" RelativeTo="Absolute"/><AlphaKeyframe Time="0.167" Value="0.0" RelativeTo="Absolute" Interpolation="SCurve"/><AlphaKeyframe Time="0.867" Value="1.0" RelativeTo="Absolute"/><AlphaKeyframe Time="1.5" Value="1.0" RelativeTo="Absolute"/><AlphaKeyframe Time="2.1" Value="0.0" RelativeTo="Absolute"/></Keyframes></Animation><SelectByIntensityAnimation Name="Start.Launch.Center"><Intensive><IntensiveAnimation Source="animation://me:Start.Launch.Center.Full"/></Intensive><Standard><Animation Animation="animation://me:Start.Launch.Center.Standard"/></Standard></SelectByIntensityAnimation><Animation Name="Start.Launch.Center.Full" Type="Show"><Keyframes><AlphaKeyframe Time="0.0" Value="0.0" RelativeTo="Absolute"/><AlphaKeyframe Time="0.2" Value="0.0" RelativeTo="Absolute" Interpolation="SCurve"/><AlphaKeyframe Time="0.9" Value="1.0" RelativeTo="Absolute"/><AlphaKeyframe Time="1.467" Value="1.0" RelativeTo="Absolute" Interpolation="SCurve"/><AlphaKeyframe Time="1.933" Value="0.0" RelativeTo="Absolute"/></Keyframes></Animation><Animation Name="Start.Launch.Center.Standard" Type="Show"><Keyframes><AlphaKeyframe Time="0.0" Value="0.0" RelativeTo="Absolute"/><AlphaKeyframe Time="0.2" Value="0.0" RelativeTo="Absolute" Interpolation="SCurve"/><AlphaKeyframe Time="0.9" Value="1.0" RelativeTo="Absolute"/><AlphaKeyframe Time="1.5" Value="1.0" RelativeTo="Absolute"/><AlphaKeyframe Time="2.1" Value="0.0" RelativeTo="Absolute"/></Keyframes></Animation><Animation Name="Start.Launch.SmallGleam" Type="Show" CenterPointPercent="0.5, 0.5, 0.0"><Keyframes><RotateKeyframe Time="0.0" Value="0deg; 0, 0, 1" RelativeTo="Absolute"/><RotateKeyframe Time="1.133" Value="-21deg; 0, 0, 1" RelativeTo="Absolute"/><AlphaKeyframe Time="0.0" Value="0.0" RelativeTo="Absolute" Interpolation="SCurve"/><AlphaKeyframe Time="0.433" Value="0.8" RelativeTo="Absolute" Interpolation="SCurve"/><AlphaKeyframe Time="1.7" Value="0.0" RelativeTo="Absolute"/></Keyframes></Animation><Animation Name="Start.Launch.SmallGleam.Mirror" Type="Show" CenterPointPercent="0.5, 0.5, 0.0"><Keyframes><RotateKeyframe Time="0.0" Value="0deg; 0, 0, 1" RelativeTo="Absolute"/><RotateKeyframe Time="1.133" Value="21deg; 0, 0, 1" RelativeTo="Absolute"/><AlphaKeyframe Time="0.0" Value="0.0" RelativeTo="Absolute" Interpolation="SCurve"/><AlphaKeyframe Time="0.433" Value="0.8" RelativeTo="Absolute" Interpolation="SCurve"/><AlphaKeyframe Time="1.7" Value="0.0" RelativeTo="Absolute"/></Keyframes></Animation><Animation Name="Start.Launch.BigGleam" Type="Show" CenterPointPercent="0.5, 0.5, 0.0"><Keyframes><RotateKeyframe Time="0.0" Value="0deg; 0, 0, 1" RelativeTo="Absolute"/><RotateKeyframe Time="1.133" Value="21deg; 0, 0, 1" RelativeTo="Absolute"/><AlphaKeyframe Time="0.0" Value="0.0" RelativeTo="Absolute" Interpolation="SCurve"/><AlphaKeyframe Time="0.433" Value="0.8" RelativeTo="Absolute" Interpolation="SCurve"/><AlphaKeyframe Time="1.133" Value="0.0" RelativeTo="Absolute"/></Keyframes></Animation><Animation Name="Start.Launch.BigGleam.Mirror" Type="Show" CenterPointPercent="0.5, 0.5, 0.0"><Keyframes><RotateKeyframe Time="0.0" Value="0deg; 0, 0, 1" RelativeTo="Absolute"/><RotateKeyframe Time="1.133" Value="-21deg; 0, 0, 1" RelativeTo="Absolute"/><AlphaKeyframe Time="0.0" Value="0.0" RelativeTo="Absolute" Interpolation="SCurve"/><AlphaKeyframe Time="0.433" Value="0.8" RelativeTo="Absolute" Interpolation="SCurve"/><AlphaKeyframe Time="1.133" Value="0.0" RelativeTo="Absolute"/></Keyframes></Animation><SelectByIntensityAnimation Name="Start.Launch.Flare"><Intensive><IntensiveAnimation Source="animation://me:Start.Launch.Flare.Full"/></Intensive><Standard><Animation Animation="animation://me:Start.Launch.Flare.Standard"/></Standard></SelectByIntensityAnimation><Animation Name="Start.Launch.Flare.Full" Type="Show" CenterPointPercent="0.5, 0.5, 0.0"><Keyframes><ScaleKeyframe Time="0.0" Value="2.0, 2.0, 1.0" RelativeTo="Absolute"/><ScaleKeyframe Time="1.133" Value="2.32, 2.32, 1.0" RelativeTo="Absolute"/><AlphaKeyframe Time="0.0" Value="0.0" RelativeTo="Absolute" Interpolation="Log"/><AlphaKeyframe Time="0.433" Value="0.2" RelativeTo="Absolute" Interpolation="Exp"/><AlphaKeyframe Time="1.133" Value="0.0" RelativeTo="Absolute"/></Keyframes></Animation><Animation Name="Start.Launch.Flare.Standard" Type="Show" CenterPointPercent="0.5, 0.5, 0.0"><Keyframes><ScaleKeyframe Time="0.0" Value="1.7, 1.7, 1.0" RelativeTo="Absolute"/><ScaleKeyframe Time="0.4" Value="1.7, 1.7, 1.0" RelativeTo="Absolute"/><ScaleKeyframe Time="1.9" Value="1.8, 1.8, 1.0" RelativeTo="Absolute"/><AlphaKeyframe Time="0.0" Value="0.0" RelativeTo="Absolute" Interpolation="Log"/><AlphaKeyframe Time="0.4" Value="0.0" RelativeTo="Absolute" Interpolation="Exp"/><AlphaKeyframe Time="0.7" Value="0.4" RelativeTo="Absolute" Interpolation="Exp"/><AlphaKeyframe Time="1.1" Value="0.4" RelativeTo="Absolute" Interpolation="Exp"/><AlphaKeyframe Time="1.3" Value="0.0" RelativeTo="Absolute"/></Keyframes></Animation><SelectByIntensityAnimation Name="Start.Launch.Main"><Intensive><IntensiveAnimation Source="animation://me:Start.Launch.Main.Full"/></Intensive><Standard><Animation Animation="animation://me:Start.Launch.Main.Standard"/></Standard></SelectByIntensityAnimation><Animation Name="Start.Launch.Main.Full" Type="Show" CenterPointPercent="0.5, 0.5, 1.0"><Keyframes><ScaleKeyframe Time="0.0" Value="1.0, 1.0, 1.0" RelativeTo="Absolute"/><ScaleKeyframe Time="0.133" Value="1.0, 1.0, 1.0" RelativeTo="Absolute" Interpolation="Exp"/><ScaleKeyframe Time="1.967" Value="0.38, 0.38, 1.0" RelativeTo="Absolute"/></Keyframes></Animation><Animation Name="Start.Launch.Main.Standard" Type="Show" CenterPointPercent="0.5, 0.5, 1.0"><Keyframes><ScaleKeyframe Time="0.0" Value="1.0, 1.0, 1.0" RelativeTo="Absolute"/><ScaleKeyframe Time="2.6" Value="1.0, 1.0, 1.0" RelativeTo="Absolute"/></Keyframes></Animation><SelectByIntensityAnimation Name="Start.Launch.Mirror"><Intensive><IntensiveAnimation Source="animation://me:Start.Launch.Mirror.Full"/></Intensive><Standard><Animation Animation="animation://me:Start.Launch.Mirror.Standard"/></Standard></SelectByIntensityAnimation><Animation Name="Start.Launch.Mirror.Full" Type="Show" CenterPointPercent="0.5, 0.5, 1.0"><Keyframes><ScaleKeyframe Time="0.0" Value="1.0, 1.0, 1.0" RelativeTo="Absolute"/><ScaleKeyframe Time="0.133" Value="1.0, 1.0, 1.0" RelativeTo="Absolute" Interpolation="Exp"/><ScaleKeyframe Time="1.967" Value="0.38, 0.38, 1.0" RelativeTo="Absolute"/><AlphaKeyframe Time="0.0" Value="0.0" RelativeTo="Absolute" Interpolation="Log"/><AlphaKeyframe Time="0.133" Value="0.6" RelativeTo="Absolute" Interpolation="Exp"/><AlphaKeyframe Time="1.967" Value="0.0" RelativeTo="Absolute"/></Keyframes></Animation><Animation Name="Start.Launch.Mirror.Standard" Type="Show" CenterPointPercent="0.5, 0.5, 1.0"><Keyframes><ScaleKeyframe Time="0.0" Value="1.0, 1.0, 1.0" RelativeTo="Absolute"/><ScaleKeyframe Time="0.133" Value="1.0, 1.0, 1.0" RelativeTo="Absolute" Interpolation="Exp"/><ScaleKeyframe Time="1.967" Value="1.0, 1.0, 1.0" RelativeTo="Absolute"/><AlphaKeyframe Time="0.0" Value="0.0" RelativeTo="Absolute" Interpolation="Log"/><AlphaKeyframe Time="0.133" Value="0.6" RelativeTo="Absolute" Interpolation="Exp"/><AlphaKeyframe Time="1.967" Value="0.0" RelativeTo="Absolute"/></Keyframes></Animation><Animation Name="Start.Logo.Launch" Type="Show"><Keyframes><AlphaKeyframe Time="0.0" Value="0.0" RelativeTo="Absolute"/><AlphaKeyframe Time="0.633" Value="0.0" RelativeTo="Absolute" Interpolation="Log"/><AlphaKeyframe Time="1.167" Value="1.0" RelativeTo="Absolute"/></Keyframes></Animation><Animation Name="Start.Logo.Return" Type="Show"><Keyframes><AlphaKeyframe Time="0.0" Value="0.0" RelativeTo="Absolute"/><AlphaKeyframe Time="0.167" Value="0.0" RelativeTo="Absolute" Interpolation="Log"/><AlphaKeyframe Time="0.567" Value="1.0" RelativeTo="Absolute"/></Keyframes></Animation><Animation Name="Start.Logo.Show" Type="Show"><Keyframes><AlphaKeyframe Time="0.0" Value="0.0" RelativeTo="Absolute"/><AlphaKeyframe Time="0.5" Value="1.0" RelativeTo="Absolute"/></Keyframes></Animation><Animation Name="Start.Logo.Hide" Type="Hide"><Keyframes><AlphaKeyframe Time="0.0" RelativeTo="Current"/><AlphaKeyframe Time="0.1" Value="0.0" RelativeTo="Absolute"/></Keyframes></Animation><Animation Name="Start.Logo.FadeAway" Type="Hide"><Keyframes><AlphaKeyframe Time="0.0" RelativeTo="Current"/><AlphaKeyframe Time="0.5" Value="0.0" RelativeTo="Absolute"/></Keyframes></Animation><Animation Name="Start.Logo.ProductName.Launch.Hide" Type="Idle"><Keyframes><AlphaKeyframe Time="0.0" RelativeTo="Current" Interpolation="Exp"/><AlphaKeyframe Time="3.0" Value="0.0" RelativeTo="Absolute"/></Keyframes></Animation><Animation Name="Start.Clock.Launch" Type="Show"><Keyframes><AlphaKeyframe Time="0.0" Value="0.0" RelativeTo="Absolute"/><AlphaKeyframe Time="3.0" Value="0.0" RelativeTo="Absolute" Interpolation="Log"/><AlphaKeyframe Time="5.0" Value="1.0" RelativeTo="Absolute"/></Keyframes></Animation><Animation Name="Start.Clock.Return" Type="Show"><Keyframes><AlphaKeyframe Time="0.0" Value="0.0" RelativeTo="Absolute" Interpolation="Log"/><AlphaKeyframe Time="0.5" Value="1.0" RelativeTo="Absolute"/></Keyframes></Animation><Animation Name="Start.Background.Launch" Type="Show"><Keyframes><AlphaKeyframe Time="0.0" Value="0.0" RelativeTo="Absolute"/><AlphaKeyframe Time="0.4" Value="1.0" RelativeTo="Absolute"/></Keyframes></Animation><SelectByIntensityAnimation Name="Start.OverlayBackground.Show"><Intensive><IntensiveAnimation Source="animation://me:Start.OverlayBackground.Show.Full"/></Intensive><Standard><Animation Animation="animation://me:Start.OverlayBackground.Show.Standard"/></Standard></SelectByIntensityAnimation><Animation Name="Start.OverlayBackground.Show.Full" Type="Show"><Keyframes><AlphaKeyframe Time="0.0" Value="0.0" RelativeTo="Absolute" Interpolation="Log"/><AlphaKeyframe Time="1.0" Value="1.0" RelativeTo="Absolute"/></Keyframes></Animation><Animation Name="Start.OverlayBackground.Show.Standard" Type="Show"><Keyframes><AlphaKeyframe Time="0.0" Value="1.0" RelativeTo="Absolute"/><AlphaKeyframe Time="0.0" Value="1.0" RelativeTo="Absolute"/></Keyframes></Animation><SelectByIntensityAnimation Name="Start.Overlay.FadeAway"><Intensive><IntensiveAnimation Source="animation://me:Start.Overlay.FadeAway.Full"/></Intensive><Standard><Animation Animation="animation://me:Start.Overlay.FadeAway.Standard"/></Standard></SelectByIntensityAnimation><Animation Name="Start.Overlay.FadeAway.Full" Type="Hide"><Keyframes><AlphaKeyframe Time="0.0" RelativeTo="Current"/><AlphaKeyframe Time="0.5" Value="0.0" RelativeTo="Absolute"/></Keyframes></Animation><Animation Name="Start.Overlay.FadeAway.Standard" Type="Hide"><Keyframes><AlphaKeyframe Time="0.0" Value="0.0" RelativeTo="Absolute"/><AlphaKeyframe Time="0.0" Value="0.0" RelativeTo="Absolute"/></Keyframes></Animation><Animation Name="Start.Menu.Hide" Type="Hide" CenterPointPercent="0.5, 0.0, 0.0"><Keyframes><PositionKeyframe Time="0.0" Value="0, 0, 0" RelativeTo="Absolute" Interpolation="Exp, 2.0"/><PositionKeyframe Time="1.0" Value="1000, 600, 0" RelativeTo="Absolute"/><RotateKeyframe Time="0.0" Value="0deg; 0.5, 1.0, 0.0" RelativeTo="Absolute"/><RotateKeyframe Time="1.0" Value="-60deg; 0.5, 1.0, 0.0" RelativeTo="Absolute"/><AlphaKeyframe Time="0.0" RelativeTo="Current"/><AlphaKeyframe Time="0.9" Value="0.0" RelativeTo="Absolute" Interpolation="Log"/><AlphaKeyframe Time="1.0" Value="0.0" RelativeTo="Absolute"/><ScaleKeyframe Time="0.0" RelativeTo="Current" Interpolation="Exp, 2.0"/><ScaleKeyframe Time="1.0" Value="4.0, 4.0, 1.0" RelativeTo="Absolute"/></Keyframes></Animation><SelectByIntensityAnimation Name="Start.Selector.Launch"><Intensive><IntensiveAnimation Source="animation://me:Start.Selector.Launch.Full"/></Intensive><Standard><Animation Animation="animation://me:Start.Selector.Launch.Standard"/></Standard></SelectByIntensityAnimation><Animation Name="Start.Selector.Launch.Full" Type="Show" CenterPointPercent="0.5, 0.5, 1.0"><Keyframes><ScaleKeyframe Time="0.0" Value="0.2, 0.2, 1.0" RelativeTo="Absolute"/><ScaleKeyframe Time="0.1" Value="0.2, 0.2, 1.0" RelativeTo="Absolute" Interpolation="EaseIn, 1.0, 0.8"/><ScaleKeyframe Time="0.9" Value="1.0, 1.0, 1.0" RelativeTo="Absolute"/><AlphaKeyframe Time="0.0" Value="0.0" RelativeTo="Absolute"/><AlphaKeyframe Time="0.1" Value="0.0" RelativeTo="Absolute" Interpolation="Log, 0.5"/><AlphaKeyframe Time="0.9" Value="1.0" RelativeTo="Absolute"/></Keyframes></Animation><Animation Name="Start.Selector.Launch.Standard" Type="Show" CenterPointPercent="0.5, 0.5, 1.0"><Keyframes><AlphaKeyframe Time="0.0" Value="1.0" RelativeTo="Absolute"/><AlphaKeyframe Time="0.1" Value="1.0" RelativeTo="Absolute"/></Keyframes></Animation><Animation Name="Start.Selector.Return" Type="Show" CenterPointPercent="0.5, 0.5, 1.0"><Keyframes><ScaleKeyframe Time="0.0" Value="0.8, 0.8, 1.0" RelativeTo="Absolute"/><ScaleKeyframe Time="0.033" Value="0.8, 0.8, 1.0" RelativeTo="Absolute" Interpolation="EaseIn, 1.0, 0.8"/><ScaleKeyframe Time="0.367" Value="1.0, 1.0, 1.0" RelativeTo="Absolute"/><AlphaKeyframe Time="0.0" Value="0.0" RelativeTo="Absolute"/><AlphaKeyframe Time="0.133" Value="0.0" RelativeTo="Absolute"/><AlphaKeyframe Time="0.367" Value="1.0" RelativeTo="Absolute"/></Keyframes></Animation><Animation Name="Start.Selector.Return.Gdi" Type="Show" CenterPointPercent="0.5, 0.5, 1.0"><Keyframes><ScaleKeyframe Time="0.0" Value="1.0, 1.0, 1.0" RelativeTo="Absolute"/><ScaleKeyframe Time="0.367" Value="1.0, 1.0, 1.0" RelativeTo="Absolute"/><AlphaKeyframe Time="0.0" Value="1.0" RelativeTo="Absolute"/><AlphaKeyframe Time="0.367" Value="1.0" RelativeTo="Absolute"/></Keyframes></Animation><Animation Name="Start.Selector.Show" Type="Show"><Keyframes><AlphaKeyframe Time="0.0" Value="0.0" RelativeTo="Absolute"/><AlphaKeyframe Time="0.1" Value="1.0" RelativeTo="Absolute"/></Keyframes></Animation><Animation Name="Start.Selector.Move" Type="Move"><Keyframes><PositionKeyframe Time="0.0" RelativeTo="Current"/><PositionKeyframe Time="0.05" RelativeTo="Final"/></Keyframes></Animation><Animation Name="Start.Selector.GleamLeft" Type="Idle"><Keyframes><PositionKeyframe Time="0.0" Value="0, 0, 0"/><PositionKeyframe Time="0.067" Value="0, 0, 0" Interpolation="SCurve"/><PositionKeyframe Time="0.4" Value="60, 0, 0"/><AlphaKeyframe Time="0.0" Value="0.0" RelativeTo="Absolute"/><AlphaKeyframe Time="0.067" Value="0.0" RelativeTo="Absolute" Interpolation="SCurve"/><AlphaKeyframe Time="0.233" Value="1.0" RelativeTo="Absolute" Interpolation="SCurve"/><AlphaKeyframe Time="0.4" Value="0.0" RelativeTo="Absolute"/></Keyframes></Animation><Animation Name="Start.Selector.GleamRight" Type="Idle"><Keyframes><PositionKeyframe Time="0.0" Value="30, 0, 0"/><PositionKeyframe Time="0.067" Value="30, 0, 0" Interpolation="SCurve"/><PositionKeyframe Time="0.4" Value="-30, 0, 0"/><AlphaKeyframe Time="0.0" Value="0.0" RelativeTo="Absolute"/><AlphaKeyframe Time="0.067" Value="0.0" RelativeTo="Absolute" Interpolation="SCurve"/><AlphaKeyframe Time="0.233" Value="1.0" RelativeTo="Absolute" Interpolation="SCurve"/><AlphaKeyframe Time="0.4" Value="0.0" RelativeTo="Absolute"/></Keyframes></Animation><Animation Name="Start.Selector.GleamRightSide" Type="Idle"><Keyframes><AlphaKeyframe Time="0.0" Value="0.0" RelativeTo="Absolute"/><AlphaKeyframe Time="0.067" Value="0.0" RelativeTo="Absolute" Interpolation="SCurve"/><AlphaKeyframe Time="0.167" Value="0.7" RelativeTo="Absolute" Interpolation="SCurve"/><AlphaKeyframe Time="0.267" Value="0.0" RelativeTo="Absolute"/></Keyframes></Animation><Animation Name="Start.Selector.KeyPress" Type="Idle" CenterPointPercent="0.5, 0.5, 0.0"><Keyframes><ScaleKeyframe Time="0.0" RelativeTo="Current" Interpolation="Log"/><ScaleKeyframe Time="0.067" Value="0.9, 0.9, 1.0" Interpolation="Exp" RelativeTo="Absolute"/><ScaleKeyframe Time="0.133" RelativeTo="Current"/></Keyframes></Animation><Animation Name="Start.Selector.Press" Type="Idle" CenterPointPercent="0.5, 0.5, 0.0"><Keyframes><ScaleKeyframe Time="0.0" RelativeTo="Current" Interpolation="Log"/><ScaleKeyframe Time="0.067" Value="0.9, 0.9, 1.0" RelativeTo="Absolute"/></Keyframes></Animation><Animation Name="Start.Selector.Release" Type="Idle" CenterPointPercent="0.5, 0.5, 0.0"><Keyframes><ScaleKeyframe Time="0.0" RelativeTo="Current" Interpolation="Log"/><ScaleKeyframe Time="0.067" Value="1.0, 1.0, 1.0" RelativeTo="Absolute"/></Keyframes></Animation><Animation Name="Start.Selector.Hide.Selected" Type="Hide" CenterPointPercent="0.5, 0.5, 0.0"><Keyframes><ScaleKeyframe Time="0.0" RelativeTo="Current" Interpolation="Exp"/><ScaleKeyframe Time="0.2" Value="1.5, 1.5, 1.0" RelativeTo="Absolute"/><AlphaKeyframe Time="0.0" RelativeTo="Current"/><AlphaKeyframe Time="0.2" Value="0.0" RelativeTo="Absolute"/></Keyframes></Animation><Animation Name="Start.Selector.Hide.Back" Type="Hide" CenterPointPercent="0.5, 0.5, 0.0"><Keyframes><ScaleKeyframe Time="0.0" RelativeTo="Current" Interpolation="Exp"/><ScaleKeyframe Time="0.133" Value="0.7, 0.7, 1.0" RelativeTo="Absolute"/><AlphaKeyframe Time="0.0" RelativeTo="Current"/><AlphaKeyframe Time="0.133" Value="0.0" RelativeTo="Absolute"/></Keyframes></Animation><Animation Name="Start.Selector.Hide.Overlay" Type="Hide" CenterPointPercent="0.5, 0.5, 0.0"><Keyframes><AlphaKeyframe Time="0.0" RelativeTo="Current"/><AlphaKeyframe Time="0.133" Value="0.0" RelativeTo="Absolute"/></Keyframes></Animation><SelectByIntensityAnimation Name="Start.Category.Launch"><Intensive><IntensiveAnimation Source="animation://me:Start.Category.Launch.Full"/></Intensive><Standard><Animation Animation="animation://me:Start.Category.Launch.Standard"/></Standard></SelectByIntensityAnimation><Animation Name="Start.Category.Launch.Full" Type="Show" CenterPointPercent="0.5, 0.5, 0.0"><Keyframes><ScaleKeyframe Time="0.0" Value="2.0, 2.0, 1.0" RelativeTo="Absolute"/><ScaleKeyframe Time="0.3" Value="2.0, 2.0, 1.0" RelativeTo="Absolute" Interpolation="EaseIn, 1.0, 0.4"/><ScaleKeyframe Time="0.8" RelativeTo="Final"/><AlphaKeyframe Time="0.0" Value="0.0" RelativeTo="Absolute"/><AlphaKeyframe Time="0.3" Value="0.0" RelativeTo="Absolute" Interpolation="Exp, 0.5"/><AlphaKeyframe Time="0.35" Value="0.3" RelativeTo="Absolute" Interpolation="Log, 0.5"/><AlphaKeyframe Time="0.8" RelativeTo="Final"/></Keyframes></Animation><Animation Name="Start.Category.Launch.Standard" Type="Show" CenterPointPercent="0.5, 0.5, 0.0"><Keyframes><AlphaKeyframe Time="0.0" Value="1.0" RelativeTo="Absolute"/><AlphaKeyframe Time="0.01" Value="1.0" RelativeTo="Absolute"/></Keyframes></Animation><IntensiveAnimation Name="Start.Category.Return"><Source><Animation Type="Show" CenterPointPercent="0.0, 2.0, 0.0"><Keyframes><ScaleKeyframe Time="0.0" Value="2.0, 2.0, 1.0" RelativeTo="Absolute" Interpolation="EaseIn, 1.0, 0.4"/><ScaleKeyframe Time="0.75" RelativeTo="Final"/><AlphaKeyframe Time="0.0" Value="0.0" RelativeTo="Absolute" Interpolation="Log, 4.0"/><AlphaKeyframe Time="0.75" RelativeTo="Final"/></Keyframes></Animation></Source></IntensiveAnimation><Animation Name="Start.Category.Move" Type="Move"><Keyframes><PositionKeyframe Time="0.0" RelativeTo="Current" Interpolation="SCurve, 2.0"/><PositionKeyframe Time="0.267" RelativeTo="Final"/></Keyframes></Animation><Animation Name="Start.Category.Hide" Type="Hide"><Keyframes><AlphaKeyframe Time="0.0" RelativeTo="Current"/><AlphaKeyframe Time="0.01" Value="0.0" RelativeTo="Absolute"/></Keyframes></Animation><Animation Name="Start.Category.Hide.Back" Type="Hide"><Keyframes><ScaleKeyframe Time="0.0" RelativeTo="Current"/><ScaleKeyframe Time="0.133" Value="0.7, 0.7, 1.0" RelativeTo="Current"/><AlphaKeyframe Time="0.0" RelativeTo="Current"/><AlphaKeyframe Time="0.133" Value="0.0" RelativeTo="Absolute"/></Keyframes></Animation><Animation Name="Start.Category.Hide.Overlay" Type="Hide"><Keyframes><ScaleKeyframe Time="0.0" RelativeTo="Current"/><ScaleKeyframe Time="0.133" Value="1.5, 1.5, 1.0" RelativeTo="Current"/><AlphaKeyframe Time="0.0" RelativeTo="Current"/><AlphaKeyframe Time="0.133" Value="0.0" RelativeTo="Absolute"/></Keyframes></Animation><Animation Name="Start.Category.GainFocus.Margin" Type="Move"><Keyframes><PositionKeyframe Time="0.0" RelativeTo="Current"/><PositionKeyframe Time="0.133" RelativeTo="Current" Interpolation="SCurve, 2.0"/><PositionKeyframe Time="0.267" RelativeTo="Final"/></Keyframes></Animation><Animation Name="Start.Category.GainFocus.ChangeShow" Type="ContentChangeShow"><Keyframes><AlphaKeyframe Time="0.0" Value="0.0" RelativeTo="Absolute"/><AlphaKeyframe Time="0.133" Value="0.0" RelativeTo="Absolute" Interpolation="Log"/><AlphaKeyframe Time="0.267" RelativeTo="Final"/></Keyframes></Animation><Animation Name="Start.Category.GainFocus.ChangeHide" Type="ContentChangeHide"><Keyframes><AlphaKeyframe Time="0.0" RelativeTo="Current"/><AlphaKeyframe Time="0.133" RelativeTo="Current" Interpolation="Exp"/><AlphaKeyframe Time="0.267" Value="0.0" RelativeTo="Absolute"/></Keyframes></Animation><Animation Name="Start.Category.LoseFocus.Margin" Type="Move"><Keyframes><PositionKeyframe Time="0.0" RelativeTo="Current" Interpolation="SCurve, 2.0"/><PositionKeyframe Time="0.1" RelativeTo="Final"/></Keyframes></Animation><Animation Name="Start.Category.LoseFocus.ChangeShow" Type="ContentChangeShow"><Keyframes><AlphaKeyframe Time="0.0" Value="0.0" RelativeTo="Absolute" Interpolation="Log"/><AlphaKeyframe Time="0.1" RelativeTo="Final"/></Keyframes></Animation><Animation Name="Start.Category.LoseFocus.ChangeHide" Type="ContentChangeHide"><Keyframes><AlphaKeyframe Time="0.0" RelativeTo="Current" Interpolation="Exp"/><AlphaKeyframe Time="0.1" Value="0.0" RelativeTo="Absolute"/></Keyframes></Animation><Animation Name="Start.Category.Collapse.Up" Type="Hide" CenterPointPercent="0.0, 0.5, 0.0"><Keyframes><PositionKeyframe Time="0.0" RelativeTo="Final" Interpolation="Exp"/><PositionKeyframe Time="0.233" Value="30, -100, 0" RelativeTo="Final"/><ScaleKeyframe Time="0.0" RelativeTo="Final"/><ScaleKeyframe Time="0.233" Value="0.3, 0.3, 1.0" RelativeTo="Absolute"/><AlphaKeyframe Time="0.0" RelativeTo="Current"/><AlphaKeyframe Time="0.233" Value="0" RelativeTo="Absolute"/></Keyframes></Animation><Animation Name="Start.Category.Collapse.Straight" Type="Hide" CenterPointPercent="0.0, 0.5, 0.0"><Keyframes><PositionKeyframe Time="0.0" RelativeTo="Final" Interpolation="Exp"/><PositionKeyframe Time="0.233" Value="30, 20, 0" RelativeTo="Final"/><ScaleKeyframe Time="0.0" RelativeTo="Final"/><ScaleKeyframe Time="0.233" Value="0.3, 0.3, 1.0" RelativeTo="Absolute"/><AlphaKeyframe Time="0.0" RelativeTo="Current"/><AlphaKeyframe Time="0.233" Value="0" RelativeTo="Absolute"/></Keyframes></Animation><Animation Name="Start.Category.Collapse.Down" Type="Hide" CenterPointPercent="0.0, 0.5, 0.0"><Keyframes><PositionKeyframe Time="0.0" RelativeTo="Final" Interpolation="Exp"/><PositionKeyframe Time="0.233" Value="30, 100, 0" RelativeTo="Final"/><ScaleKeyframe Time="0.0" RelativeTo="Current"/><ScaleKeyframe Time="0.233" Value="0.3, 0.3, 1.0" RelativeTo="Absolute"/><AlphaKeyframe Time="0.0" RelativeTo="Current"/><AlphaKeyframe Time="0.233" Value="0" RelativeTo="Absolute"/></Keyframes></Animation><SelectByIntensityAnimation Name="Start.LinkStrip.Launch"><Intensive><IntensiveAnimation Source="animation://me:Start.LinkStrip.Launch.Full"/></Intensive><Standard><Animation Animation="animation://me:Start.LinkStrip.Launch.Standard"/></Standard></SelectByIntensityAnimation><Animation Name="Start.LinkStrip.Launch.Full" Type="Show"><Keyframes><ScaleKeyframe Time="0.0" Value="1.25, 1.25, 1.0" RelativeTo="Absolute"/><ScaleKeyframe Time="2.8" Value="1.25, 1.25, 1.0" RelativeTo="Absolute" Interpolation="EaseIn, 2.0, 0.4"/><ScaleKeyframe Time="3.6" Value="1.0, 1.0, 1.0" RelativeTo="Absolute"/><AlphaKeyframe Time="0.0" Value="0.0" RelativeTo="Absolute"/><AlphaKeyframe Time="2.8" Value="0.0" RelativeTo="Absolute" Interpolation="Log, 0.5"/><AlphaKeyframe Time="3.6" Value="1.0" RelativeTo="Absolute"/></Keyframes></Animation><Animation Name="Start.LinkStrip.Launch.Standard" Type="Show" ><Keyframes><AlphaKeyframe Time="0.0" Value="1.0" RelativeTo="Absolute"/><AlphaKeyframe Time="0.01" Value="1.0" RelativeTo="Absolute"/></Keyframes></Animation><IntensiveAnimation Name="Start.LinkStrip.Return"><Source><Animation Type="Show" CenterPointPercent="0.0, 0.0, 0.0"><Keyframes><ScaleKeyframe Time="0.0" Value="1.5, 1.5, 1.0" RelativeTo="Absolute"/><ScaleKeyframe Time="0.1" Value="1.5, 1.5, 1.0" RelativeTo="Absolute" Interpolation="EaseIn, 2.0, 0.4"/><ScaleKeyframe Time="0.6" Value="1.0, 1.0, 1.0" RelativeTo="Absolute"/><AlphaKeyframe Time="0.0" Value="0.0" RelativeTo="Absolute"/><AlphaKeyframe Time="0.1" Value="0.0" RelativeTo="Absolute"/><AlphaKeyframe Time="0.6" Value="1.0" RelativeTo="Absolute"/></Keyframes></Animation></Source></IntensiveAnimation><Animation Name="Start.LinkStrip.Hide.Back" Type="Hide"><Keyframes><ScaleKeyframe Time="0.0" RelativeTo="Current"/><ScaleKeyframe Time="0.133" Value="0.7, 0.7, 1.0" RelativeTo="Current"/><AlphaKeyframe Time="0.0" RelativeTo="Current"/><AlphaKeyframe Time="0.133" Value="0.0" RelativeTo="Absolute"/></Keyframes></Animation><Animation Name="Start.LinkStrip.Hide.Overlay" Type="Hide"><Keyframes><ScaleKeyframe Time="0.0" RelativeTo="Current"/><ScaleKeyframe Time="0.133" Value="1.5, 1.5, 1.0" RelativeTo="Current"/><AlphaKeyframe Time="0.0" RelativeTo="Current"/><AlphaKeyframe Time="0.133" Value="0.0" RelativeTo="Absolute"/></Keyframes></Animation><Animation Name="Start.LinkStrip.Show.Up" Type="Show"><Keyframes><PositionKeyframe Time="0.0" Value="0, -20, 0" RelativeTo="Final"/><PositionKeyframe Time="0.2" Value="0, -20, 0" RelativeTo="Final"/><PositionKeyframe Time="0.3" Value="0, 0, 0" RelativeTo="Final"/><AlphaKeyframe Time="0.0" Value="0.0" RelativeTo="Absolute"/><AlphaKeyframe Time="0.2" Value="0.0" RelativeTo="Absolute"/><AlphaKeyframe Time="0.3" Value="1.0" RelativeTo="Absolute"/></Keyframes></Animation><Animation Name="Start.LinkStrip.Hide.Up" Type="Hide"><Keyframes><PositionKeyframe Time="0.0" RelativeTo="Current"/><PositionKeyframe Time="0.133" Value="0, 20, 0" RelativeTo="Final"/><AlphaKeyframe Time="0.0" RelativeTo="Current"/><AlphaKeyframe Time="0.133" Value="0.0" RelativeTo="Absolute"/></Keyframes></Animation><Animation Name="Start.LinkStrip.Show.Down" Type="Show"><Keyframes><PositionKeyframe Time="0.0" Value="0, 20, 0" RelativeTo="Final"/><PositionKeyframe Time="0.2" Value="0, 20, 0" RelativeTo="Final"/><PositionKeyframe Time="0.3" Value="0, 0, 0" RelativeTo="Final"/><AlphaKeyframe Time="0.0" Value="0.0" RelativeTo="Absolute"/><AlphaKeyframe Time="0.2" Value="0.0" RelativeTo="Absolute"/><AlphaKeyframe Time="0.3" Value="1.0" RelativeTo="Absolute"/></Keyframes></Animation><Animation Name="Start.LinkStrip.Hide.Down" Type="Hide"><Keyframes><PositionKeyframe Time="0.0" RelativeTo="Current"/><PositionKeyframe Time="0.133" Value="0, -20, 0" RelativeTo="Final"/><AlphaKeyframe Time="0.0" RelativeTo="Current"/><AlphaKeyframe Time="0.133" Value="0.0" RelativeTo="Absolute"/></Keyframes></Animation><Animation Name="Start.QuickLink.Size" Type="Size"><Keyframes><SizeKeyframe Time="0.0" RelativeTo="Current"/><SizeKeyframe Time="0.067" RelativeTo="Current" Interpolation="SCurve, 1.0"/><SizeKeyframe Time="0.4" RelativeTo="Final"/></Keyframes></Animation><Animation Name="Start.QuickLink.Size.Pre" Type="Size"><Keyframes><SizeKeyframe Time="0.0" RelativeTo="Current"/><SizeKeyframe Time="0.067" RelativeTo="Current" Interpolation="Log, 2"/><SizeKeyframe Time="0.133" RelativeTo="Final"/><SizeKeyframe Time="0.4" RelativeTo="Final"/></Keyframes></Animation><Animation Name="Start.QuickLink.Size.Post" Type="Size"><Keyframes><SizeKeyframe Time="0.0" RelativeTo="Current"/><SizeKeyframe Time="0.3" RelativeTo="Current" Interpolation="Exp, 2"/><SizeKeyframe Time="0.4" RelativeTo="Final"/></Keyframes></Animation><Animation Name="Start.QuickLink.Move" Type="Move"><Keyframes><PositionKeyframe Time="0.0" RelativeTo="Current"/><PositionKeyframe Time="0.067" RelativeTo="Current" Interpolation="EaseIn, 1.0, 0.7"/><PositionKeyframe Time="0.4" RelativeTo="Final"/></Keyframes></Animation><Animation Name="Start.QuickLink.Move.None" Type="Move"><Keyframes><PositionKeyframe Time="0.0" RelativeTo="Final"/></Keyframes></Animation><Animation Name="Start.QuickLink.Move.Pre" Type="Move"><Keyframes><PositionKeyframe Time="0.0" RelativeTo="Current"/><PositionKeyframe Time="0.067" RelativeTo="Current" Interpolation="Log, 2"/><PositionKeyframe Time="0.133" RelativeTo="Final"/><PositionKeyframe Time="0.4" RelativeTo="Final"/></Keyframes></Animation><Animation Name="Start.QuickLink.Move.Post" Type="Move"><Keyframes><PositionKeyframe Time="0.0" RelativeTo="Current"/><PositionKeyframe Time="0.3" RelativeTo="Current" Interpolation="Exp, 2"/><PositionKeyframe Time="0.4" RelativeTo="Final"/></Keyframes></Animation><Animation Name="Start.QuickLink.Alpha" Type="Alpha"><Keyframes><AlphaKeyframe Time="0.0" RelativeTo="Current"/><AlphaKeyframe Time="0.05" RelativeTo="Final"/></Keyframes></Animation><Animation Name="Start.QuickLink.FocusMove.Left" Type="Idle"><Keyframes><PositionKeyframe Time="0.0" RelativeTo="Current" Interpolation="Log"/><PositionKeyframe Time="0.067" Value="-5, 0, 0" RelativeTo="Current" Interpolation="SCurve, 1.0"/><PositionKeyframe Time="0.4" RelativeTo="Final"/></Keyframes></Animation><Animation Name="Start.QuickLink.FocusMove.Right" Type="Idle"><Keyframes><PositionKeyframe Time="0.0" RelativeTo="Current" Interpolation="Log"/><PositionKeyframe Time="0.067" Value="5, 0, 0" RelativeTo="Current" Interpolation="SCurve, 1.0"/><PositionKeyframe Time="0.4" RelativeTo="Final"/></Keyframes></Animation><Animation Name="Start.QuickLink.Press" Type="Idle" CenterPointPercent="0.5, 0.5, 0.0"><Keyframes><ScaleKeyframe Time="0.0" RelativeTo="Current" Interpolation="Log"/><ScaleKeyframe Time="0.067" Value="1.0, 1.0, 1.0" RelativeTo="Absolute"/></Keyframes></Animation><Animation Name="Start.QuickLink.Release" Type="Idle" CenterPointPercent="0.5, 0.5, 0.0"><Keyframes><ScaleKeyframe Time="0.0" RelativeTo="Current" Interpolation="Log"/><ScaleKeyframe Time="0.067" Value="1.0, 1.0, 1.0" RelativeTo="Absolute"/></Keyframes></Animation><Animation Name="Start.QuickLink.Hide.Select" Type="Hide" CenterPointPercent="0.5, 0.5, 0.0"><Keyframes><ScaleKeyframe Time="0.0" RelativeTo="Current" Interpolation="Exp"/><ScaleKeyframe Time="0.2" Value="1.5, 1.5, 1.0" RelativeTo="Absolute"/><AlphaKeyframe Time="0.0" RelativeTo="Current"/><AlphaKeyframe Time="0.2" Value="0.0" RelativeTo="Absolute"/></Keyframes></Animation><Animation Name="Start.QuickLink.Hide.Left" Type="Hide" CenterPointPercent="0.5, 0.5, 0.0"><Keyframes><PositionKeyframe Time="0.0" RelativeTo="Final"/><PositionKeyframe Time="0.1" RelativeTo="Final" Interpolation="Exp"/><PositionKeyframe Time="0.267" Value="200, 0, 0" RelativeTo="Final"/><AlphaKeyframe Time="0.0" RelativeTo="Current"/><AlphaKeyframe Time="0.1" RelativeTo="Current"/><AlphaKeyframe Time="0.267" Value="0.0" RelativeTo="Absolute"/></Keyframes></Animation><Animation Name="Start.QuickLink.Hide.Right" Type="Hide" CenterPointPercent="0.5, 0.5, 0.0"><Keyframes><PositionKeyframe Time="0.0" RelativeTo="Final"/><PositionKeyframe Time="0.1" RelativeTo="Final" Interpolation="Exp"/><PositionKeyframe Time="0.267" Value="-200, 0, 0" RelativeTo="Final"/><AlphaKeyframe Time="0.0" RelativeTo="Current"/><AlphaKeyframe Time="0.1" RelativeTo="Current"/><AlphaKeyframe Time="0.267" Value="0.0" RelativeTo="Absolute"/></Keyframes></Animation><SelectByIntensityAnimation Name="Start.QuickLink.Show"><Intensive><IntensiveAnimation Source="animation://me:Start.QuickLink.Show.Full"/></Intensive></SelectByIntensityAnimation><Animation Name="Start.QuickLink.Show.Full" Type="Show" CenterPointPercent="0.5, 0.5, 0.0"><Keyframes><AlphaKeyframe Time="0.0" Value="0.0" RelativeTo="Absolute"/><AlphaKeyframe Time="0.399" Value="0.0" RelativeTo="Absolute"/><AlphaKeyframe Time="0.4" Value="0.5" RelativeTo="Final"/><AlphaKeyframe Time="0.9" Value="1.0" RelativeTo="Final"/><ScaleKeyframe Time="0.0" Value="0.5, 0.5, 1.0" RelativeTo="Absolute"/><ScaleKeyframe Time="0.4" Value="0.5, 0.5, 1.0" RelativeTo="Absolute"/><ScaleKeyframe Time="0.9" Value="1.0, 1.0, 1.0" RelativeTo="Absolute"/></Keyframes></Animation><Animation Name="Start.FocusLoop.Spot.TopLeft" Type="Idle" Loop="-1" CenterPointPercent="0.5, 0.5, 0.0"><Keyframes><PositionKeyframe Time="0.000" Value="0, 0, 0" RelativeTo="Final"/><PositionKeyframe Time="2.433" Value="40, 0, 0" RelativeTo="Final"/><PositionKeyframe Time="6.000" Value="40, 0, 0" RelativeTo="Final"/><AlphaKeyframe Time="0.000" Value="0.0" RelativeTo="Absolute" Interpolation="SCurve"/><AlphaKeyframe Time="0.400" Value="0.6" RelativeTo="Absolute" Interpolation="SCurve"/><AlphaKeyframe Time="2.433" Value="0.0" RelativeTo="Absolute"/><AlphaKeyframe Time="6.000" Value="0.0" RelativeTo="Absolute"/></Keyframes></Animation><Animation Name="Start.FocusLoop.Spot.TopRight" Type="Idle" Loop="-1" CenterPointPercent="0.5, 0.5, 0.0"><Keyframes><PositionKeyframe Time="0.000" Value="0, 0, 0" RelativeTo="Final"/><PositionKeyframe Time="2.867" Value="0, 0, 0" RelativeTo="Final"/><PositionKeyframe Time="5.000" Value="-40, 0, 0" RelativeTo="Final"/><PositionKeyframe Time="6.000" Value="-40, 0, 0" RelativeTo="Final"/><AlphaKeyframe Time="0.000" Value="0.0" RelativeTo="Absolute"/><AlphaKeyframe Time="2.867" Value="0.0" RelativeTo="Absolute" Interpolation="SCurve"/><AlphaKeyframe Time="3.800" Value="0.5" RelativeTo="Absolute" Interpolation="SCurve"/><AlphaKeyframe Time="5.000" Value="0.0" RelativeTo="Absolute"/><AlphaKeyframe Time="6.000" Value="0.0" RelativeTo="Absolute"/></Keyframes></Animation><Animation Name="Start.FocusLoop.Spot.Left" Type="Idle" Loop="-1" CenterPointPercent="0.5, 0.5, 0.0"><Keyframes><PositionKeyframe Time="0.000" Value="0, -5, 0" RelativeTo="Final"/><PositionKeyframe Time="2.433" Value="0, 30, 0" RelativeTo="Final"/><PositionKeyframe Time="6.000" Value="0, 30, 0" RelativeTo="Final"/><AlphaKeyframe Time="0.000" Value="0.0" RelativeTo="Absolute" Interpolation="SCurve"/><AlphaKeyframe Time="0.400" Value="0.6" RelativeTo="Absolute" Interpolation="SCurve"/><AlphaKeyframe Time="2.433" Value="0.0" RelativeTo="Absolute"/><AlphaKeyframe Time="6.000" Value="0.0" RelativeTo="Absolute"/></Keyframes></Animation><Animation Name="Start.FocusLoop.Spot.Bottom" Type="Idle" Loop="-1" CenterPointPercent="0.5, 0.5, 0.0"><Keyframes><PositionKeyframe Time="0.000" Value="-10, 0, 0" RelativeTo="Final"/><PositionKeyframe Time="0.600" Value="-10, 0, 0" RelativeTo="Final"/><PositionKeyframe Time="2.867" Value="60, 0, 0" RelativeTo="Final"/><PositionKeyframe Time="6.000" Value="60, 0, 0" RelativeTo="Final"/><AlphaKeyframe Time="0.000" Value="0.0" RelativeTo="Absolute"/><AlphaKeyframe Time="0.867" Value="0.0" RelativeTo="Absolute" Interpolation="SCurve"/><AlphaKeyframe Time="1.900" Value="0.4" RelativeTo="Absolute" Interpolation="SCurve"/><AlphaKeyframe Time="2.867" Value="0.0" RelativeTo="Absolute"/><AlphaKeyframe Time="6.000" Value="0.0" RelativeTo="Absolute"/></Keyframes></Animation><Animation Name="Start.FocusLoop.Spot.Right" Type="Idle" Loop="-1" CenterPointPercent="0.5, 0.5, 0.0"><Keyframes><PositionKeyframe Time="0.000" Value="0, 50, 0" RelativeTo="Final"/><PositionKeyframe Time="1.900" Value="0, 50, 0" RelativeTo="Final"/><PositionKeyframe Time="3.800" Value="0, 5, 0" RelativeTo="Final"/><PositionKeyframe Time="6.000" Value="0, 5, 0" RelativeTo="Final"/><AlphaKeyframe Time="0.000" Value="0.0" RelativeTo="Absolute"/><AlphaKeyframe Time="1.900" Value="0.0" RelativeTo="Absolute" Interpolation="SCurve"/><AlphaKeyframe Time="2.433" Value="0.4" RelativeTo="Absolute" Interpolation="SCurve"/><AlphaKeyframe Time="3.800" Value="0.0" RelativeTo="Absolute"/><AlphaKeyframe Time="6.000" Value="0.0" RelativeTo="Absolute"/></Keyframes></Animation><Animation Name="Start.Popup.Show" CenterPointPercent="0.5, 0.5, 1.0"><Keyframes><PositionKeyframe Time="0.0" Value="0, 0, 0" RelativeTo="Current"/><PositionKeyframe Time="0.3" Value="0, 0, 100" RelativeTo="Final" Interpolation="SCurve"/><AlphaKeyframe Time="0.0" Value="1.0" RelativeTo="Absolute" Interpolation="Log"/><AlphaKeyframe Time="0.3" Value="0.5" RelativeTo="Absolute"/></Keyframes></Animation><Animation Name="Start.Popup.Hide" CenterPointPercent="0.5, 0.5, 1.0"><Keyframes><PositionKeyframe Time="0.0" Value="0, 0, 0" RelativeTo="Current"/><PositionKeyframe Time="0.2" Value="0, 0, 0" RelativeTo="Final" Interpolation="SCurve"/><AlphaKeyframe Time="0.0" Value="0.5" RelativeTo="Absolute" Interpolation="Log"/><AlphaKeyframe Time="0.2" Value="1.0" RelativeTo="Absolute"/></Keyframes></Animation></Mcml>