<Mcml xmlns="http://schemas.microsoft.com/2006/mcml" xmlns:cor ="assembly://MsCorLib/System" xmlns:util ="assembly://Microsoft.MediaCenter.UI/Microsoft.MediaCenter.UI.Utility" xmlns:shl ="assembly://Microsoft.MediaCenter.Shell/Microsoft.MediaCenter.Shell" xmlns:ctl ="res://Microsoft.MediaCenter.Shell!Controls.mcml" xmlns:comm ="res://Microsoft.MediaCenter.Shell!Globals.mcml" xmlns:me ="Me"><Aggregate Source="res://Microsoft.MediaCenter.Shell!StartMenuCategory.mcml"/><UI Name="StartMenuView"><Properties><shl:StartMenu Name="Model" StartMenu="$Required"/><EditableText Name="QuickLinkMode" EditableText="$Required"/><cor:Single Name="MenuNearOffset"/><cor:Single Name="MenuFarOffset"/><cor:Single Name="MenuFadeSize"/><cor:Single Name="MenuFadeAmount"/><BooleanChoice Name="LaunchFlag" BooleanChoice="$Required"/><BooleanChoice Name="Arriving" BooleanChoice="$Required"/><BooleanChoice Name="IsOverlay" BooleanChoice="$Required"/><cor:Single Name="MenuDelay" Single="0.0"/><cor:Int32 Name="CollapseLimit" Int32="2"/><cor:Int32 Name="TopAutoScrollEdgeOffset"/><cor:Int32 Name="BottomAutoScrollEdgeOffset"/><cor:Int32 Name="LeftAutoScrollEdgeOffset"/><cor:Int32 Name="RightAutoScrollEdgeOffset"/><Size Name="AutoScrollUpSize" Size="372, 80"/><Size Name="AutoScrollDownSize" Size="372, 80"/><ScrollIntoViewDisposition Name="CategoryScrollDisposition" LockedPosition="0.5" LockedAlignment="0.5"/><ScrollIntoViewDisposition Name="QuickLinkScrollDisposition" LockedPosition="0.5" LockedAlignment="0.5"/><Size Name="RatchetSize" Size="0, 70"/><Size Name="AutoRatchetSize" Size="0, 32"/><cor:Single Name="EndOfListElasticity" Single="0.85"/><cor:Int32 Name="CategoryPanOffsetStep" Int32="1"/><Size Name="SelectedCategorySize" Size="0, 319"/><Inset Name="SelectedCategoryTitleInset" Inset="-6, 24, 0, 0"/><cor:Single Name="SelectedCategoryTitleAlpha" Single="1.0"/><Size Name="NotSelectedCategorySize" Size="0, 74"/><Inset Name="NotSelectedCategoryTitleInset" Inset="14, 0, 0, 0"/><cor:Single Name="NotSelectedCategoryTitleAlpha" Single="0.5"/><cor:Int32 Name="QuickLinkStripPanOffsetStep" Int32="4"/><cor:Single Name="SelectedQuickLinkStripAlpha" Single="1.0"/><cor:Single Name="NotSelectedQuickLinkStripAlpha" Single="0.0"/><cor:Single Name="QuickLinkStripAlphaStep" Single="3.0"/><Size Name="QuickLinkNoFocusSelectedSize" Size="258, 180"/><Size Name="QuickLinkNoFocusNotSelectedSize" Size="160, 180"/><cor:Int32 Name="QuickLinkFocusPanOffsetStep" Int32="2"/><cor:Int32 Name="QuickLinkNoFocusPanOffsetStep" Int32="1"/><cor:Single Name="QuickLinkEndOfListElasticity" Single="0.85"/><GestureRatchetSettings Name="QuickLinkRatchetSettings" RatchetSize="198, 0" AutoRatchetSize="90, 0"/></Properties><Locals><Environment Name="Environment"/><AnchorEdge Name="TopAutoScrollEdge" Id="Parent" Percent="0" Offset="[TopAutoScrollEdgeOffset]"/><AnchorEdge Name="BottomAutoScrollEdge" Id="Parent" Percent="1" Offset="[BottomAutoScrollEdgeOffset]"/><ScrollingData Name="CategoryScrollingData" ScrollStep="70" ScrollIntoViewDisposition="[CategoryScrollDisposition]"/><ScrollingData Name="QuickLinkStripScrollingData" ScrollStep="70" ScrollIntoViewDisposition="[QuickLinkScrollDisposition]"/><Command Name="AutoScrollUpCommand"/><Command Name="AutoScrollDownCommand"/><EditableText Name="NavigationDirection" Value="none"/><KeyHandler Name="Up" Key="Up" Handle="true" HandlerStage="Routed" Enabled="false"/><KeyHandler Name="Down" Key="Down" Handle="true" HandlerStage="Routed" Enabled="false"/><KeyHandler Name="PageUp" Key="PageUp" Handle="true" HandlerStage="Routed" Enabled="false"/><KeyHandler Name="PageDown" Key="PageDown" Handle="true" HandlerStage="Routed" Enabled="false"/><KeyHandler Name="Home" Key="Home" Handle="true" HandlerStage="Routed" Enabled="false"/><KeyHandler Name="End" Key="End" Handle="true" HandlerStage="Routed" Enabled="false"/><MouseWheelHandler Name="Wheel" Handle="true" HandlerStage="Routed"/><cor:Boolean Name="FirstRun" Boolean="true"/><Timer Name="ShowTimer" Interval="0" AutoRepeat="false" Enabled="false"/><MathTransformer Name="ToMilliseconds" Multiply="1000" Add="600" Type="Int32"/><TransformAnimation Name="SelectorLaunch" Source="global://me:Start.Selector.Launch"/><Image Name="HorizontalSpot" Source="res://ehRes!Selector.FocusLoop.HotSpot.Horizontal.png" Flippable="true"/><Image Name="VerticalSpot" Source="res://ehRes!Selector.FocusLoop.HotSpot.Vertical.png" Flippable="true"/><GestureRatchetSettings Name="RatchetSettings" RatchetSize="[RatchetSize]" AutoRatchetSize="[AutoRatchetSize]"/><GestureInertiaSettings Name="InertiaSettings" Friction="0.5"/><shl:StartMenuCategoryPanHandler Name="StartMenuCategoryPanHandler" PanLockAxis="Y" HandlerStage="Routed" HandleDominantAxisOnly="true"/><shl:QuickLinkPanSettings Name="QuickLinkPanSettings" RatchetSettings="[QuickLinkRatchetSettings]" NoFocusSelectedSize="[QuickLinkNoFocusSelectedSize]" NoFocusNotSelectedSize="[QuickLinkNoFocusNotSelectedSize]" FocusPanOffsetStep="[QuickLinkFocusPanOffsetStep]" NoFocusPanOffsetStep="[QuickLinkNoFocusPanOffsetStep]" EndOfListElasticity="[QuickLinkEndOfListElasticity]"/><cor:Boolean Name="EnableMoveAnimation" Boolean="false"/></Locals><Rules><Binding Target="[CategoryRepeater.Source]" Source="[Model.Categories]"/><Binding Target="[QuickLinkStripRepeater.Source]" Source="[Model.Categories]"/><Default Target="[Input.KeyRepeatThreshold]" Value="200"/><Condition Source="[QuickLinkMode.Value]" SourceValue="Select"><Actions><PlayAnimation Target="[Selector]" Animation="animation://me:Start.Selector.Release"/><Invoke Target="[Selector.AttachAnimation]" animation="animation://me:Start.Selector.Hide.Selected" InvokePolicy="Synchronous"/></Actions></Condition><Condition Source="[QuickLinkMode.Value]" SourceValue="Release"><Actions><PlayAnimation Target="[Selector]" Animation="animation://me:Start.Selector.Release"/></Actions></Condition><Condition Source="[QuickLinkMode.Value]" SourceValue="Press"><Actions><PlayAnimation Target="[Selector]" Animation="animation://me:Start.Selector.Press"/></Actions></Condition><Condition Source="[QuickLinkMode.Value]" SourceValue="NavLeft"><Actions><Set Target="[QuickLinkMode.Value]" Value="None"/><PlayAnimation Target="[GleamLeft]" Animation="animation://me:Start.Selector.GleamLeft"/></Actions></Condition><Condition Source="[QuickLinkMode.Value]" SourceValue="NavRight"><Actions><Set Target="[QuickLinkMode.Value]" Value="None"/><PlayAnimation Target="[GleamRight]" Animation="animation://me:Start.Selector.GleamRight"/><PlayAnimation Target="[GleamRightSide]" Animation="animation://me:Start.Selector.GleamRightSide"/></Actions></Condition><Rule><Conditions><Equality Source="[LaunchFlag.Value]" Value="true"/><Equality Source="[FirstRun]" Value="true"/></Conditions><Actions><Set Target="[FirstRun]" Value="false"/><Set Target="[SelectorLaunch.Delay]" Value="[MenuDelay]"/><Invoke Target="[Selector.AttachAnimation]" animation="[SelectorLaunch]" InvokePolicy="Synchronous" ExclusiveApply="false"/><Set Target="[ShowTimer.Interval]" Value="[MenuDelay]" Transformer="[ToMilliseconds]"/><Set Target="[ShowTimer.Enabled]" Value="true"/></Actions></Rule><Rule><Conditions><Equality Source="[LaunchFlag.Value]" Value="false"/><Equality Source="[FirstRun]" Value="true"/><Equality Source="[Environment.Is2DAnimationExperience]" Value="false"/></Conditions><Actions><Set Target="[FirstRun]" Value="false"/><Set Target="[SelectorLaunch.Delay]" Value="[MenuDelay]"/><Set Target="[SelectorLaunch.Source]" Value="animation://me:Start.Selector.Return"/><Invoke Target="[Selector.AttachAnimation]" animation="[SelectorLaunch]" InvokePolicy="Synchronous"/><Set Target="[ShowTimer.Interval]" Value="[MenuDelay]" Transformer="[ToMilliseconds]"/><Set Target="[ShowTimer.Enabled]" Value="true"/></Actions></Rule><Rule><Conditions><Equality Source="[LaunchFlag.Value]" Value="false"/><Equality Source="[FirstRun]" Value="true"/><Equality Source="[Environment.Is2DAnimationExperience]" Value="true"/></Conditions><Actions><Set Target="[FirstRun]" Value="false"/><Set Target="[SelectorLaunch.Source]" Value="animation://me:Start.Selector.Return.Gdi"/><Invoke Target="[Selector.AttachAnimation]" animation="[SelectorLaunch]" InvokePolicy="Synchronous"/><Set Target="[ShowTimer.Interval]" Value="[MenuDelay]" Transformer="[ToMilliseconds]"/><Set Target="[ShowTimer.Enabled]" Value="true"/></Actions></Rule><Changed Source="[ShowTimer.Tick]"><Actions><Set Target="[Up.Enabled]" Value="true"/><Set Target="[Down.Enabled]" Value="true"/><Set Target="[PageUp.Enabled]" Value="true"/><Set Target="[PageDown.Enabled]" Value="true"/><Set Target="[Home.Enabled]" Value="true"/><Set Target="[End.Enabled]" Value="true"/><Set Target="[LaunchFlag.Value]" Value="false"/></Actions></Changed><Default Target="[CategoryScroller.ScrollingData]" Value="[CategoryScrollingData]"/><Default Target="[QuickLinkScroller.ScrollingData]" Value="[QuickLinkStripScrollingData]"/><Binding Target="[Accessible.IsFocusable]" Source="[Input.KeyInteractive]"/><Binding Target="[Accessible.IsFocused]" Source="[Input.KeyFocus]"/><Default Target="[Accessible.Name]" Value="res://ehres!Acc_Name_StartMenu"/><Default Target="[Accessible.Role]" Value="MenuPopup"/><Changed Source="[Home.Invoked]"><Actions><Set Target="[NavigationDirection.Value]" Value="none" ExclusiveApply="false"/><Set Target="[NavigationDirection.Value]" Value="up"/><Set Target="[Model.SelectedCategoryIndex.ClampedValue]" Value="0"/></Actions></Changed><Changed Source="[End.Invoked]"><Actions><Set Target="[NavigationDirection.Value]" Value="none" ExclusiveApply="false"/><Set Target="[NavigationDirection.Value]" Value="down"/><Set Target="[Model.SelectedCategoryIndex.ClampedValue]" Value="[Model.Categories.Count]"><Transformer><MathTransformer Subtract="1"/></Transformer></Set></Actions></Changed><Rule ConditionLogicalOp="Or"><Conditions><Modified Source="[Up.Invoked]"/><Modified Source="[Wheel.UpInvoked]"/><Modified Source="[AutoScrollUpCommand.Invoked]"/></Conditions><Actions><Set Target="[NavigationDirection.Value]" Value="none" ExclusiveApply="false"/><Set Target="[NavigationDirection.Value]" Value="up"/><Set Target="[Model.SelectedCategoryIndex.Value]" Value="[Model.SelectedCategoryIndex.Value]"><Transformer><MathTransformer Subtract="1"/></Transformer></Set></Actions></Rule><Rule ConditionLogicalOp="Or"><Conditions><Modified Source="[Down.Invoked]"/><Modified Source="[Wheel.DownInvoked]"/><Modified Source="[AutoScrollDownCommand.Invoked]"/></Conditions><Actions><Set Target="[NavigationDirection.Value]" Value="none" ExclusiveApply="false"/><Set Target="[NavigationDirection.Value]" Value="down"/><Set Target="[Model.SelectedCategoryIndex.Value]" Value="[Model.SelectedCategoryIndex.Value]"><Transformer><MathTransformer Add="1"/></Transformer></Set></Actions></Rule><Changed Source="[PageDown.Invoked]"><Actions><Set Target="[NavigationDirection.Value]" Value="none" ExclusiveApply="false"/><Set Target="[NavigationDirection.Value]" Value="down"/><Set Target="[Model.SelectedCategoryIndex.Value]" Value="[Model.SelectedCategoryIndex.Value]"><Transformer><MathTransformer Add="3"/></Transformer></Set></Actions></Changed><Changed Source="[PageUp.Invoked]"><Actions><Set Target="[NavigationDirection.Value]" Value="none" ExclusiveApply="false"/><Set Target="[NavigationDirection.Value]" Value="up"/><Set Target="[Model.SelectedCategoryIndex.Value]" Value="[Model.SelectedCategoryIndex.Value]"><Transformer><MathTransformer Subtract="3"/></Transformer></Set></Actions></Changed><Rule><Conditions><Equality Source="[Environment.IsNavigating]" Value="true"/><Equality Source="[Environment.NavigationDirection]" Value="Backward"/><Equality Source="[IsOverlay.Value]" Value="false"/></Conditions><Actions><Invoke Target="[Selector.AttachAnimation]" animation="animation://me:Start.Selector.Hide.Back" InvokePolicy="Synchronous"/></Actions></Rule><Rule><Conditions><Equality Source="[Environment.IsNavigating]" Value="true"/><Equality Source="[Environment.NavigationDirection]" Value="Backward"/><Equality Source="[IsOverlay.Value]" Value="true"/></Conditions><Actions><Invoke Target="[Selector.AttachAnimation]" animation="animation://me:Start.Selector.Hide.Overlay" InvokePolicy="Synchronous"/></Actions></Rule><Default Target="[NavigationDirection.Value]" Value="none"/><Default Target="[Input.KeyInteractive]" Value="false"/><Binding Target="[CategoryRepeater.EssentialIndex]" Source="[Model.SelectedCategoryIndex.Value]"/><Binding Target="[QuickLinkStripRepeater.EssentialIndex]" Source="[Model.SelectedCategoryIndex.Value]"/><Binding Target="[CategoryScroller.FadeAmount]" Source="[MenuFadeAmount]"/><Binding Target="[CategoryScroller.NearOffset]" Source="[MenuNearOffset]"/><Binding Target="[CategoryScroller.FarOffset]" Source="[MenuFarOffset]"/><Binding Target="[CategoryScroller.FadeSize]" Source="[MenuFadeSize]"/><Default Target="[StartMenuCategoryPanHandler.RatchetSettings]" Value="[RatchetSettings]"/><Default Target="[StartMenuCategoryPanHandler.InertiaSettings]" Value="[InertiaSettings]"/><Default Target="[StartMenuCategoryPanHandler.StartMenu]" Value="[Model]"/><Default Target="[StartMenuCategoryPanHandler.CategoryScrollingData]" Value="[CategoryScrollingData]"/><Default Target="[StartMenuCategoryPanHandler.QuickLinkStripScrollingData]" Value="[QuickLinkStripScrollingData]"/><Default Target="[StartMenuCategoryPanHandler.CategoryRepeater]" Value="[CategoryRepeater]"/><Default Target="[StartMenuCategoryPanHandler.QuickLinkStripRepeater]" Value="[QuickLinkStripRepeater]"/><Default Target="[StartMenuCategoryPanHandler.CategoryPanOffsetStep]" Value="[CategoryPanOffsetStep]"/><Default Target="[StartMenuCategoryPanHandler.QuickLinkStripPanOffsetStep]" Value="[QuickLinkStripPanOffsetStep]"/><Default Target="[StartMenuCategoryPanHandler.SelectedCategorySize]" Value="[SelectedCategorySize]"/><Default Target="[StartMenuCategoryPanHandler.SelectedCategoryTitleInset]" Value="[SelectedCategoryTitleInset]"/><Default Target="[StartMenuCategoryPanHandler.SelectedCategoryTitleAlpha]" Value="[SelectedCategoryTitleAlpha]"/><Default Target="[StartMenuCategoryPanHandler.NotSelectedCategorySize]" Value="[NotSelectedCategorySize]"/><Default Target="[StartMenuCategoryPanHandler.NotSelectedCategoryTitleInset]" Value="[NotSelectedCategoryTitleInset]"/><Default Target="[StartMenuCategoryPanHandler.NotSelectedCategoryTitleAlpha]" Value="[NotSelectedCategoryTitleAlpha]"/><Default Target="[StartMenuCategoryPanHandler.SelectedQuickLinkStripAlpha]" Value="[SelectedQuickLinkStripAlpha]"/><Default Target="[StartMenuCategoryPanHandler.NotSelectedQuickLinkStripAlpha]" Value="[NotSelectedQuickLinkStripAlpha]"/><Default Target="[StartMenuCategoryPanHandler.QuickLinkStripAlphaStep]" Value="[QuickLinkStripAlphaStep]"/><Default Target="[StartMenuCategoryPanHandler.EndOfListElasticity]" Value="[EndOfListElasticity]"/></Rules><Content><Panel Name="ContentPanel" Layout="Form"><Children><me:TouchPanRouter QuickLinkPanSettings="[QuickLinkPanSettings]"><LayoutInput><AnchorLayoutInput Left="Parent, 0, -999" Top="Parent, 0, 380" Right="Parent, 1" Bottom="Parent, 0, 650" ContributesToWidth="false" ContributesToHeight="false"/></LayoutInput></me:TouchPanRouter><Panel Name="FillPanelTop" TouchInteractive="true"><LayoutInput><AnchorLayoutInput Left="Parent, 0, -75" Right="Parent, 1, -125" Top="Parent, 0" Bottom="Parent, 0, 40" ContributesToWidth="false" ContributesToHeight="false"/></LayoutInput></Panel><Panel Name="FillPanelMiddle" TouchInteractive="true"><LayoutInput><AnchorLayoutInput Left="Parent, 0, -999" Right="Parent, 1" Top="Parent, 0, 40" Bottom="Parent, 1, -38" ContributesToWidth="false" ContributesToHeight="false"/></LayoutInput></Panel><Panel Name="FillPanelBottom" TouchInteractive="true"><LayoutInput><AnchorLayoutInput Left="Parent, 0, -999" Right="Parent, 0, 360" Top="Parent, 1, -38" Bottom="Parent, 1" ContributesToWidth="false" ContributesToHeight="false"/></LayoutInput></Panel><Panel Name="Selector" Layout="Anchor"><LayoutInput><AnchorLayoutInput Left="CategoryScroller, 0" Right="CategoryScroller, 1" Horizontal="Near" Bottom="Parent,0.75,44" ContributesToWidth="false" ContributesToHeight="false"/></LayoutInput><Animations><Animation Animation="animation://me:Start.Selector.Move"/><Animation Animation="animation://me:Start.Selector.Hide.Overlay"/></Animations><Children><Graphic Name="Frame" Content="res://ehres!StartMenu.QuickLink.Background.png" MinimumSize="258, 145" MaximumSize="258, 145"/><Clip Layout="Anchor" Orientation="Horizontal" FadeAmount="1" FadeSize="1" ShowNear="true" ShowFar="true"><LayoutInput><AnchorLayoutInput Left="Frame, 0" Right="Frame, 1" Top="Frame, 0" Bottom="Frame, 1" ContributesToHeight="false" ContributesToWidth="false"/></LayoutInput><Children><Graphic Name="GleamLeft" Content="[HorizontalSpot]" Alpha="0" Scale="1.5, 1.0, 1.0"><LayoutInput><AnchorLayoutInput Left="Parent, 0" Top="Parent, 0, 1"/></LayoutInput></Graphic><Graphic Name="GleamRight" Content="[HorizontalSpot]" Alpha="0" Scale="1.5, 1.0, 1.0" CenterPointPercent="1.0, 0.0, 0.0"><LayoutInput><AnchorLayoutInput Right="Parent, 1" Top="Parent, 0, 1"/></LayoutInput></Graphic><Graphic Name="GleamRightSide" Content="[VerticalSpot]" Alpha="0" Scale="1.5, 1.5, 1.0" CenterPointPercent="1.0, 0.0, 0.0"><LayoutInput><AnchorLayoutInput Right="Parent, 1, -1" Top="Parent, 0"/></LayoutInput></Graphic></Children></Clip><me:StartFocusLoop><LayoutInput><AnchorLayoutInput Left="Frame, 0" Top="Frame, 0" Right="Frame, 1" Bottom="Frame, 1" ContributesToWidth="false" ContributesToHeight="false"/></LayoutInput></me:StartFocusLoop><Graphic Image="image://me:StartMenu.Overlays.Shadow" SkipCutOut="true"><LayoutInput><AnchorLayoutInput Left="Frame, 0" Top="Frame, 0" Right="Frame, 1, 35" Bottom="Frame, 1, 42" ContributesToWidth="false" ContributesToHeight="false"/></LayoutInput></Graphic></Children></Panel><ctl:AutoScrollRegion ScrollData="[CategoryScrollingData]" ScrollCommand="[AutoScrollUpCommand]" ScrollInterval="500" LayoutPosition="Top" MaximumSize="[AutoScrollUpSize]" RestModeEnabled="true"><LayoutInput><AnchorLayoutInput Top="[TopAutoScrollEdge]" Left="Selector, 0" Right="Selector, 1"/></LayoutInput></ctl:AutoScrollRegion><ctl:AutoScrollRegion ScrollData="[CategoryScrollingData]" ScrollCommand="[AutoScrollDownCommand]" ScrollInterval="500" LayoutPosition="Bottom" MaximumSize="[AutoScrollDownSize]" RestModeEnabled="true"><LayoutInput><AnchorLayoutInput Bottom="[BottomAutoScrollEdge]" Left="Selector, 0" Right="Selector, 1"/></LayoutInput></ctl:AutoScrollRegion><Scroller Name="CategoryScroller" Orientation="Vertical" NearOffset="[MenuNearOffset]" FarOffset="[MenuFarOffset]" FadeSize="[MenuFadeSize]" FadeAmount="[MenuFadeAmount]" PreferredAreaOfInterest="Selection" Prefetch="0.25"><LayoutInput><AnchorLayoutInput Horizontal="Near" Vertical="Near"/></LayoutInput><Children><Repeater Name="CategoryRepeater" DiscardOffscreenVisuals="true"><Layout><FlowLayout Orientation="Vertical" Repeat="Always" RepeatGap="768, 0" Spacing="-4, 0" MissingItemPolicy="SizeToSmallest"/></Layout><Animations><Animation Animation="animation://me:Start.Category.Move"/></Animations><LayoutInput><AnchorLayoutInput Vertical="Near"/></LayoutInput><Content><me:StartMenuCategoryView Model="[Model]" Option="[RepeatedItem!shl:StartMenuCategory]" Index="[RepeatedItemIndex]" NavigationDirection="[NavigationDirection]" MenuDelay="[MenuDelay]" LaunchFlag="[LaunchFlag]" QuickLinkMode="[QuickLinkMode]" LeftAutoScrollEdgeOffset="[LeftAutoScrollEdgeOffset]" RightAutoScrollEdgeOffset="[RightAutoScrollEdgeOffset]" LimitAbove="[CollapseLimit]" LimitBelow="[CollapseLimit]" Arriving="[Arriving]" IsOverlay="[IsOverlay]" StartMenuCategoryPanHandler="[StartMenuCategoryPanHandler]"><Animations><Animation Animation="animation://me:Start.Category.Move"/></Animations></me:StartMenuCategoryView></Content></Repeater></Children></Scroller><Gradient Name="FocusView" Alpha="1.0" Orientation="Vertical"><LayoutInput><AnchorLayoutInput Horizontal="Near" Vertical="Near"/></LayoutInput><Ramp><RampValue RampValue="0, 450, GadgetMin"/><RampValue RampValue="1, 454, GadgetMin"/><RampValue RampValue="1, 620, GadgetMin"/></Ramp><Children><Scroller Name="QuickLinkScroller" Orientation="Vertical" NearOffset="[MenuNearOffset]" FarOffset="[MenuFarOffset]" FadeSize="[MenuFadeSize]" FadeAmount="[MenuFadeAmount]" PreferredAreaOfInterest="Selection" Prefetch="0.25"><LayoutInput><AnchorLayoutInput Horizontal="Near" Vertical="Near"/></LayoutInput><Children><Repeater Name="QuickLinkStripRepeater" DiscardOffscreenVisuals="true"><Layout><FlowLayout Orientation="Vertical" Repeat="Always" RepeatGap="768, 0" Spacing="8, 0" MissingItemPolicy="SizeToSmallest"/></Layout><Animations><Animation Animation="animation://me:Start.Category.Move"/></Animations><LayoutInput><AnchorLayoutInput Vertical="Near"/></LayoutInput><Content><me:QuickLinkStrip Model="[RepeatedItem!shl:StartMenuCategory]" StartMenu="[Model]" Index="[RepeatedItemIndex]" Navigation="RememberFocus" QuickLinkMode="[QuickLinkMode]" LeftAutoScrollEdgeOffset="[LeftAutoScrollEdgeOffset]" RightAutoScrollEdgeOffset="[RightAutoScrollEdgeOffset]" Arriving="[Arriving]" LaunchFlag="[LaunchFlag]" StartMenuCategoryPanHandler="[StartMenuCategoryPanHandler]" QuickLinkPanSettings="[QuickLinkPanSettings]"></me:QuickLinkStrip></Content></Repeater></Children></Scroller></Children></Gradient></Children></Panel></Content></UI><UI Name="TouchPanRouter"><Properties><shl:QuickLinkPanSettings Name="QuickLinkPanSettings" QuickLinkPanSettings="$Required"/></Properties><Locals><shl:StartMenuQuickLinkPanHandler Name="StartMenuQuickLinkPanHandler" PanLockAxis="X" HandlerStage="Routed" Settings="[QuickLinkPanSettings]" HandleDominantAxisOnly="true"/></Locals><Content><Panel Name="Root" TouchInteractive="true"/></Content></UI><UI Name="StartFocusLoop"><Locals><Environment Name="Environment"/><Image Name="HorizontalSpot" Source="res://ehRes!Selector.FocusLoop.HotSpot.Horizontal.png" Flippable="true"/><Image Name="VerticalSpot" Source="res://ehRes!Selector.FocusLoop.HotSpot.Vertical.png" Flippable="true"/><Image Name="TopLeftGlow" Source="res://ehRes!Selector.FocusLoop.Glow.TopLeft.png" Flippable="true"/><Image Name="TopRightGlow" Source="res://ehRes!Selector.FocusLoop.Glow.TopRight.png" Flippable="true"/><Image Name="BottomLeftGlow" Source="res://ehRes!Selector.FocusLoop.Glow.BottomLeft.png" Flippable="true"/><Image Name="GlassGlow" Source="res://ehRes!Selector.FocusLoop.Glow.Glass.png" Flippable="true"/></Locals><Rules><Condition Source="[Environment.ColorScheme]" ConditionOp="NotEquals" SourceValue="Default" Target="[LoopParts.Visible]" Value="false"/></Rules><Content><Panel Name="LoopParts" Visible="true"><Layout><AnchorLayout SizeToHorizontalChildren="false" SizeToVerticalChildren="false"/></Layout><Children><Panel Name="TopLeftSpot"><LayoutInput><AnchorLayoutInput Left="Parent, 0" Top="Parent, 0, 1"/></LayoutInput><Children><Graphic Image="[HorizontalSpot]" Scale="1.5, 1.0, 1.0" CenterPointPercent="0.5, 0.5, 0.0"><Animations><Animation Animation="animation://me:Start.FocusLoop.Spot.TopLeft"/></Animations></Graphic></Children></Panel><Panel Name="TopRightSpot"><LayoutInput><AnchorLayoutInput Right="Parent, 1" Top="Parent, 0, 1"/></LayoutInput><Children><Graphic Image="[HorizontalSpot]" Scale="1.5, 1.0, 1.0" CenterPointPercent="0.5, 0.5, 0.0"><Animations><Animation Animation="animation://me:Start.FocusLoop.Spot.TopRight"/></Animations></Graphic></Children></Panel><Panel Name="BottomSpot"><LayoutInput><AnchorLayoutInput Left="Parent, 0" Bottom="Parent, 1, -1"/></LayoutInput><Children><Graphic Image="[HorizontalSpot]" Scale="1.5, 1.0, 1.0" CenterPointPercent="0.5, 0.5, 0.0"><Animations><Animation Animation="animation://me:Start.FocusLoop.Spot.Bottom"/></Animations></Graphic></Children></Panel><Panel Name="LeftSpot"><LayoutInput><AnchorLayoutInput Left="Parent, 0, 1" Top="Parent, 0"/></LayoutInput><Children><Graphic Image="[VerticalSpot]" Scale="1.0, 1.5, 1.0" CenterPointPercent="0.5, 0.5, 0.0"><Animations><Animation Animation="animation://me:Start.FocusLoop.Spot.Left"/></Animations></Graphic></Children></Panel><Panel Name="RightSpot"><LayoutInput><AnchorLayoutInput Right="Parent, 1" Top="Parent, 0"/></LayoutInput><Children><Graphic Image="[VerticalSpot]" Scale="1.0, 1.5, 1.0" CenterPointPercent="0.5, 0.5, 0.0"><Animations><Animation Animation="animation://me:Start.FocusLoop.Spot.Right"/></Animations></Graphic></Children></Panel><Panel Alpha="0.4"><Layout><ScaleLayout AllowScaleUp="true" AllowScaleDown="true" MaintainAspectRatio="false"/></Layout><Children><Panel MaximumSize="200, 200"><Layout><AnchorLayout SizeToHorizontalChildren="false" SizeToVerticalChildren="false"/></Layout><Children><Graphic Image="[TopLeftGlow]"><LayoutInput><AnchorLayoutInput Left="Parent, 0, -18" Top="Parent, 0, -19"/></LayoutInput><Animations><Animation Animation="animation://comm:Selector.FocusLoop.Glow.TopLeft"/></Animations></Graphic><Graphic Image="[TopRightGlow]"><LayoutInput><AnchorLayoutInput Right="Parent, 1, 31" Top="Parent, 0, -33"/></LayoutInput><Animations><Animation Animation="animation://comm:Selector.FocusLoop.Glow.TopRight"/></Animations></Graphic><Graphic Image="[BottomLeftGlow]"><LayoutInput><AnchorLayoutInput Left="Parent, 0, -23" Bottom="Parent, 1, 30"/></LayoutInput><Animations><Animation Animation="animation://comm:Selector.FocusLoop.Glow.BottomLeft"/></Animations></Graphic></Children></Panel></Children></Panel></Children></Panel></Content></UI><Image Name="StartMenu.Overlays.Shadow" Source="res://ehres!Overlays.Shadow.png" NineGrid="40, 40, 41, 48" Flippable="true"/></Mcml>