<?xml version="1.0" encoding="UTF-8" ?><Mcml xmlns="http://schemas.microsoft.com/2006/mcml" xmlns:cor ="assembly://MsCorLib/System" xmlns:coll="assembly://MsCorLib/System.Collections" xmlns:util="assembly://Microsoft.MediaCenter.UI/Microsoft.MediaCenter.UI.Utility" xmlns:shl ="assembly://Microsoft.MediaCenter.Shell/Microsoft.MediaCenter.Shell" xmlns:ctl="res://Microsoft.MediaCenter.Shell!Controls.mcml" xmlns:comm="res://Microsoft.MediaCenter.Shell!Globals.mcml" xmlns:me="Me"><Font Name="SortFocusFont" FontName="global://comm:MainFontFace" FontSize="24" /><Font Name="SortNoFocusFont" FontName="global://comm:RegularFontFace" FontSize="22" /><UI Name="SortList" Behavior="shl:MenuControl" Code="ListView"><Properties><shl:MenuData Name="Model" MenuData="$Required"/></Properties><Rules><Binding Source="[Model.Items]" Target="[Repeater.Source]"/><Default Target="[Input.Model]" Value="[Model]"/></Rules><Content><Panel Layout="LegacyStage" Navigation="ContainAll, Group"><Animations><Animation Animation="animation://comm:Menu.Vertical.Show"/><Animation Animation="animation://comm:Menu.Hide"/></Animations><Children><Panel><LayoutInput><StageLayoutInput Stage="Primary"/></LayoutInput><Layout><LegacyVerticalFlowLayout ItemAlignment="Fill"/></Layout><Children><Repeater Name="Repeater" Layout="LegacyVerticalFlow"><Content><ctl:Button Model="[RepeatedItem!Command]" Font="font://me:SortNoFocusFont" FocusFont="font://me:SortFocusFont" NoFocusImage="null" FocusImage="null" DisabledImage="null" PressedImage="null" FocusOverlayImage="null" FocusColor="color://comm:OffWhite" NoFocusColor="color://comm:White60Percent" ShowIcon="false" LabelMargins="0,0,0,0"><Animations><Animation Animation="animation://comm:MenuItem.Show"/><Animation Animation="animation://comm:MenuItem.Hide"/></Animations></ctl:Button></Content></Repeater></Children></Panel></Children></Panel></Content></UI></Mcml>