<Mcml xmlns ="http://schemas.microsoft.com/2006/mcml" 
      xmlns:cor ="assembly://MsCorLib/System" 
      xmlns:shell2="assembly://Microsoft.MediaCenter.UI/Microsoft.MediaCenter.Shell" 
      xmlns:shell ="assembly://Microsoft.MediaCenter.Shell/Microsoft.MediaCenter.Shell" 
      xmlns:comm ="res://Microsoft.MediaCenter.Shell!Globals.mcml" 
      xmlns:me ="Me">
  
  <UI Name="JumpControl">
    <Properties>
      <JILHandler Name="JILHandler" JILHandler="$Required" />
      <shell:IBrowseSearchList Name="Pivot" IBrowseSearchList="$Required"/>
      <RepeaterFocusHelper Name="FocusOrderHelper" RepeaterFocusHelper="$Required"/>
      <Command Name="NavigateIntoContent" Command="$Required"/>
      <Font Name="Font" FontName="global://comm:RegularFontFace" FontSize="100"/>
    </Properties>
    <Locals>
      <EditableText Name="Model"/>
      <Timer Name="ClearTimer" AutoRepeat="false" Interval="5000" Enabled="false"/>
      <cor:Int32 Name="FindResult" Int32="-1"/>
    </Locals>
    <Rules>
      <Binding Target="[Accessible.Name]" Source="[Label.Content]"/>
      <Default Target="[Accessible.Role]" Value="StaticText"/>
      <Default Target="[JILHandler.TypingPolicy]" Value="TripleTap"/>
      <Default Target="[JILHandler.EditableText]" Value="[Model]"/>
      <Default Target="[JILHandler.Enabled]" Value="[Pivot.SupportsJIL]"/>
      <Changed Source="[ClearTimer.Tick]">
        <Actions>
          <Invoke Target="[JILHandler.Clear]" />
        </Actions>
      </Changed>
      <Changed Source="[JILHandler.TypingInputRejected]">
        <Actions>
          <PlaySound Sound="DefaultBeep"/>
        </Actions>
      </Changed>
      <Rule>
        <Conditions>
          <Equality Source="[FindResult]" ConditionOp="GreaterThan" Value="-1"/>
        </Conditions>
        <Actions>
          <Set Target="[FocusOrderHelper.RequestFocusIndex]" Value="[FindResult]"/>
          <Invoke Target="[NavigateIntoContent.Invoke]"/>
          <Set Target="[FindResult]" Value="-1"/>
        </Actions>
      </Rule>
      <Rule>
        <Conditions>
          <Equality Source="[JILHandler.DisplayValue]">
            <Value>
              <cor:Boolean Boolean="true"/>
            </Value>
            <SourceTransformer>
              <BooleanTransformer/>
            </SourceTransformer>
          </Equality>
        </Conditions>
        <Actions>
          <Invoke Target="[Pivot.FindContentItem]" strSearch="[JILHandler.DisplayValue]" ResultTarget="[FindResult]"/>
          <Invoke Target="[ClearTimer.Start]"/>
        </Actions>
      </Rule>
      <Binding Source="[JILHandler.DisplayValue]" Target="[ShadowLabel.Content]"/>
      <Binding Source="[JILHandler.DisplayValue]" Target="[Label.Content]"/>
    </Rules>
    <Content>
      <Panel Layout="Anchor">
        <Children>
          <Text Name="Label" Color="color://comm:LightBlue" Font="[Font]"/>
          <Text Name="ShadowLabel" Color="255, 0, 0, 0" Font="[Font]">
            <LayoutInput>
              <AnchorLayoutInput Top="Label, 0, 2" Left="Label, 0, 2"/>
            </LayoutInput>
          </Text>
        </Children>
      </Panel>
    </Content>
  </UI>
</Mcml>