<Mcml xmlns ="http://schemas.microsoft.com/2006/mcml" xmlns:cor ="assembly://MSCorLib/System" xmlns:shl="assembly://Microsoft.MediaCenter.Shell/Microsoft.MediaCenter.Shell" xmlns:button ="res://Microsoft.MediaCenter.Shell!Button.mcml" xmlns:me ="Me"><Image Name="LeftChevronDisabled" Source="res://ehres!Details.Left.Chevron.Disabled.png" Flippable="true" /><Image Name="LeftChevronNoFocus" Source="res://ehres!Details.Left.Chevron.NoFocus.png" Flippable="true" /><Image Name="LeftChevronFocus" Source="res://ehres!Details.Left.Chevron.Focus.png" Flippable="true" /><Image Name="RightChevronDisabled" Source="res://ehres!Details.Right.Chevron.Disabled.png" Flippable="true" /><Image Name="RightChevronNoFocus" Source="res://ehres!Details.Right.Chevron.NoFocus.png" Flippable="true" /><Image Name="RightChevronFocus" Source="res://ehres!Details.Right.Chevron.Focus.png" Flippable="true" /><UI Name="NavPanel"><Properties><shl:SlideDeck Name="SlideDeck" SlideDeck="$Required"/></Properties><Rules><Rule><Conditions><IsValid Source="[SlideDeck.Options]"/><Equality Source="[SlideDeck.ChosenIndex]" Value="0" /></Conditions><Actions><Set Target="[NextSlide.Focused]" Value="true" /><Set Target="[PrevSlide.Focused]" Value="false" /></Actions></Rule><Rule><Conditions><IsValid Source="[SlideDeck.Options]"/><Equality Source="[SlideDeck.ChosenIndex]" Value="[SlideDeck.Options.Count]"><SourceTransformer><MathTransformer AddInt="1"/></SourceTransformer></Equality></Conditions><Actions><Set Target="[PrevSlide.Focused]" Value="true" /><Set Target="[NextSlide.Focused]" Value="false" /></Actions></Rule><Rule><Conditions><Modified Source="[SlideDeck.CommandNextSlide.Invoked]" /></Conditions><Actions><Invoke Target="[NextSlide.AttachAnimation]" animation="animation://me:NavPanel.Arrow.Right.Jiggle" InvokePolicy="Synchronous" ExclusiveApply="false" /></Actions></Rule><Rule><Conditions><Modified Source="[SlideDeck.CommandPrevSlide.Invoked]" /></Conditions><Actions><Invoke Target="[PrevSlide.AttachAnimation]" animation="animation://me:NavPanel.Arrow.Left.Jiggle" InvokePolicy="Synchronous" ExclusiveApply="false" /></Actions></Rule><Default Target="[NextSlide.Focused]" Value="true" /><Default Target="[PrevSlide.Focused]" Value="true" /></Rules><Content><Panel Name="NavPanel" Layout="Anchor"><LayoutInput><AnchorLayoutInput Top="Parent,0" Right="Parent,1" /></LayoutInput><Children><me:NavPanelButton Name="PrevSlide" Model="[SlideDeck.CommandPrevSlide]" DisabledImage="image://me:LeftChevronDisabled" NoFocusImage="image://me:LeftChevronNoFocus" FocusImage="image://me:LeftChevronFocus" TileSize="22,27" AccessibilityName="PrevChevron" AllowPressedEffect="false" FocusOverlayImage="null" PressedImage="null" DefaultNavigationSound="null" KeyInteractive="false"><LayoutInput><AnchorLayoutInput Top="Parent,0" Right="Parent,1" /></LayoutInput></me:NavPanelButton><me:NavPanelButton Name="NextSlide" Model="[SlideDeck.CommandNextSlide]" DisabledImage="image://me:RightChevronDisabled" NoFocusImage="image://me:RightChevronNoFocus" FocusImage="image://me:RightChevronFocus" AccessibilityName="NextChevron" AllowPressedEffect="false" FocusOverlayImage="null" PressedImage="null" DefaultNavigationSound="null" TileSize="22,27" KeyInteractive="false"><LayoutInput><AnchorLayoutInput Top="PrevSlide,0" Right="PrevSlide,1,39" /></LayoutInput></me:NavPanelButton></Children></Panel></Content></UI><UI Name="NavPanelButton" BaseUI="button:Button"><Properties><cor:Boolean Name="Focused" /></Properties><Rules><Condition Source="[Input.MouseFocus]" SourceValue="true" Target="[Background.Image]" Value="[FocusImage]"><Conditions><Equality Source="[HideFocusState]" Value="false"/></Conditions></Condition><Condition Source="[Focused]" SourceValue="true" Target="[Background.Image]" Value="[NoFocusImage]"><Conditions><Equality Source="[HideFocusState]" Value="false"/></Conditions></Condition><Default Target="[Background.Image]" Value="[DisabledImage]" /></Rules></UI><Animation Name="NavPanel.Arrow.Right.Jiggle" Type="Idle"><Keyframes><PositionKeyframe Time="0.0" RelativeTo="Current"/><PositionKeyframe Time="0.067" Value="7, 0, 0" RelativeTo="Final"/><PositionKeyframe Time="0.2" Value="0, 0, 0" RelativeTo="Final"/></Keyframes></Animation><Animation Name="NavPanel.Arrow.Left.Jiggle" Type="Idle"><Keyframes><PositionKeyframe Time="0.0" RelativeTo="Current"/><PositionKeyframe Time="0.067" Value="-7, 0, 0" RelativeTo="Final"/><PositionKeyframe Time="0.2" Value="0, 0, 0" RelativeTo="Final"/></Keyframes></Animation></Mcml>